Time,Header.seq,Header.stamp.secs,Header.stamp.nsecs,Header.frame_id,Latitude,Longitude,Altitude,UTM_easting,UTM_northing,Zone,Letter
1666453973.9311945,0,57174,0,GPS1_FRAME,42.33705166666667,-71.08979333333333,16.6,327841.0017678486,4689314.80350236,19,T
1666453974.9306922,0,57175,0,GPS1_FRAME,42.33705166666667,-71.08979333333333,16.6,327841.0017678486,4689314.80350236,19,T
1666453975.9311466,0,57176,0,GPS1_FRAME,42.33705166666667,-71.08979333333333,16.6,327841.0017678486,4689314.80350236,19,T
1666453976.9299366,0,57177,0,GPS1_FRAME,42.33705166666667,-71.08979333333333,16.6,327841.0017678486,4689314.80350236,19,T
1666453977.9300401,0,57178,0,GPS1_FRAME,42.33705166666667,-71.08979333333333,16.6,327841.0017678486,4689314.80350236,19,T
1666453978.930582,0,57179,0,GPS1_FRAME,42.33705166666667,-71.08979333333333,16.5,327841.0017678486,4689314.80350236,19,T
1666453979.9311554,0,57180,0,GPS1_FRAME,42.33705166666667,-71.08979333333333,16.5,327841.0017678486,4689314.80350236,19,T
1666453980.9289117,0,57181,0,GPS1_FRAME,42.33705166666667,-71.08979333333333,16.5,327841.0017678486,4689314.80350236,19,T
1666453981.9250007,0,57182,0,GPS1_FRAME,42.33705166666667,-71.08979333333333,16.5,327841.0017678486,4689314.80350236,19,T
1666453982.9260628,0,57183,0,GPS1_FRAME,42.33705166666667,-71.08979333333333,16.5,327841.0017678486,4689314.80350236,19,T
1666453983.9257855,0,57184,0,GPS1_FRAME,42.33705166666667,-71.08979333333333,16.5,327841.0017678486,4689314.80350236,19,T
1666453984.9298494,0,57185,0,GPS1_FRAME,42.33705166666667,-71.08979333333333,16.5,327841.0017678486,4689314.80350236,19,T
1666453985.930428,0,57186,0,GPS1_FRAME,42.33705166666667,-71.08979333333333,16.5,327841.0017678486,4689314.80350236,19,T
1666453986.9310856,0,57187,0,GPS1_FRAME,42.33705166666667,-71.08979333333333,16.5,327841.0017678486,4689314.80350236,19,T
1666453987.925203,0,57188,0,GPS1_FRAME,42.33705166666667,-71.08979333333333,16.5,327841.0017678486,4689314.80350236,19,T
1666453988.9249659,0,57189,0,GPS1_FRAME,42.33705166666667,-71.08979333333333,16.5,327841.0017678486,4689314.80350236,19,T
1666453989.9300585,0,57190,0,GPS1_FRAME,42.337048333333335,-71.08979333333333,16.4,327840.9926713637,4689314.433361088,19,T
1666453990.9247036,0,57191,0,GPS1_FRAME,42.33703833333333,-71.08979,16.2,327841.2399963817,4689313.316188432,19,T
1666453991.9259083,0,57192,0,GPS1_FRAME,42.337021666666665,-71.08978,16.1,327842.0183576704,4689311.445235621,19,T
1666453992.9240968,0,57193,0,GPS1_FRAME,42.337001666666666,-71.08975833333334,15.9,327843.7487742328,4689309.1805210225,19,T
1666453993.9243338,0,57194,0,GPS1_FRAME,42.336985,-71.089725,15.8,327846.44943962654,4689307.262327916,19,T
1666453994.927715,0,57195,0,GPS1_FRAME,42.336978333333334,-71.08968,15.7,327850.13854611525,4689306.430939965,19,T
1666453995.927188,0,57196,0,GPS1_FRAME,42.336985,-71.08962833333334,15.5,327854.4132659064,4689307.0666224025,19,T
1666453996.929693,0,57197,0,GPS1_FRAME,42.337005,-71.08958166666666,15.4,327858.31244499993,4689309.192994715,19,T
1666453997.9304833,0,57198,0,GPS1_FRAME,42.33703666666667,-71.08954833333334,15.2,327861.1449975199,4689312.641855688,19,T
1666453998.9303675,0,57199,0,GPS1_FRAME,42.33707666666667,-71.089535,15.0,327862.35259973526,4689317.056558777,19,T
1666453999.9303017,0,57200,0,GPS1_FRAME,42.337125,-71.08953833333334,15.0,327862.2098684851,4689322.43035521,19,T
1666454000.928238,0,57201,0,GPS1_FRAME,42.337175,-71.08955166666667,15.0,327861.24784388137,4689328.009466485,19,T
1666454001.9216712,0,57202,0,GPS1_FRAME,42.33723166666667,-71.08957333333333,15.2,327859.61747813295,4689334.345730847,19,T
1666454002.9247003,0,57203,0,GPS1_FRAME,42.33729,-71.089595,15.7,327857.99166359263,4689340.867066376,19,T
1666454003.9253774,0,57204,0,GPS1_FRAME,42.337345,-71.08961833333333,15.8,327856.2194502043,4689347.021635289,19,T
1666454004.9249883,0,57205,0,GPS1_FRAME,42.337403333333334,-71.08964333333333,16.9,327854.3190297744,4689353.549720272,19,T
1666454005.9240477,0,57206,0,GPS1_FRAME,42.33746,-71.08966666666667,17.7,327852.551371641,4689359.889361069,19,T
1666454006.9266822,0,57207,0,GPS1_FRAME,42.337513333333334,-71.08969,18.1,327850.7746210145,4689365.858861165,19,T
1666454007.926716,0,57208,0,GPS1_FRAME,42.337563333333335,-71.08971,18.5,327849.2633897442,4689371.451471963,19,T
1666454008.9259436,0,57209,0,GPS1_FRAME,42.337605,-71.08972666666666,19.0,327848.0040324472,4689376.111981301,19,T
1666454009.9266467,0,57210,0,GPS1_FRAME,42.337646666666664,-71.08974333333333,19.3,327846.74467705574,4689380.772490945,19,T
1666454010.9267194,0,57211,0,GPS1_FRAME,42.33768666666667,-71.08976,19.5,327845.4807753442,4689385.2479302455,19,T
1666454011.92685,0,57212,0,GPS1_FRAME,42.33773,-71.08977666666667,19.9,327844.2259719898,4689390.09351116,19,T
1666454012.9262657,0,57213,0,GPS1_FRAME,42.33777166666667,-71.08979333333333,20.2,327842.9666223133,4689394.754021729,19,T
1666454013.9268923,0,57214,0,GPS1_FRAME,42.337815,-71.08980833333334,20.4,327841.849128432,4689399.596228806,19,T
1666454014.9255512,0,57215,0,GPS1_FRAME,42.33785833333334,-71.08982333333333,20.6,327840.73163634987,4689404.438436145,19,T
1666454015.916911,0,57216,0,GPS1_FRAME,42.33790333333334,-71.08983333333333,20.9,327840.03061053075,4689409.455590899,19,T
1666454016.9158845,0,57217,0,GPS1_FRAME,42.33795166666667,-71.08984666666667,21.0,327839.06407236255,4689414.849636149,19,T
1666454017.9161596,0,57218,0,GPS1_FRAME,42.338,-71.08986333333333,21.2,327837.8229257234,4689420.250430703,19,T
1666454018.9175684,0,57219,0,GPS1_FRAME,42.33804666666666,-71.08988166666667,21.4,327836.43992775347,4689425.469529487,19,T
1666454019.9166605,0,57220,0,GPS1_FRAME,42.338091666666664,-71.08989666666666,21.8,327835.3269934504,4689430.496808772,19,T
1666454020.915415,0,57221,0,GPS1_FRAME,42.338136666666664,-71.08991166666667,22.3,327834.2140610177,4689435.524088318,19,T
1666454021.9167564,0,57222,0,GPS1_FRAME,42.33818333333333,-71.089925,22.5,327833.24298382574,4689440.733064147,19,T
1666454022.9161608,0,57223,0,GPS1_FRAME,42.33823,-71.08994,22.7,327832.1346037379,4689445.945414863,19,T
1666454023.915631,0,57224,0,GPS1_FRAME,42.338276666666665,-71.08995833333333,23.1,327830.7516165155,4689451.164515243,19,T
1666454024.9152994,0,57225,0,GPS1_FRAME,42.338321666666666,-71.08997833333333,23.5,327829.2267784502,4689456.201920057,19,T
1666454025.9153101,0,57226,0,GPS1_FRAME,42.33836,-71.08999666666666,23.9,327827.82105198276,4689460.495667836,19,T
1666454026.914481,0,57227,0,GPS1_FRAME,42.338393333333336,-71.09001333333333,24.0,327826.53898518113,4689464.23082915,19,T
1666454027.9173956,0,57228,0,GPS1_FRAME,42.338411666666666,-71.09002333333333,24.0,327825.7651969602,4689466.286855403,19,T
1666454028.9157937,0,57229,0,GPS1_FRAME,42.33841833333334,-71.09002833333334,24.0,327825.3714797229,4689467.037262553,19,T
1666454029.915852,0,57230,0,GPS1_FRAME,42.33842166666667,-71.09002833333334,24.1,327825.3805774724,4689467.40740391,19,T
1666454030.916164,0,57231,0,GPS1_FRAME,42.33842166666667,-71.09002833333334,24.1,327825.3805774724,4689467.40740391,19,T
1666454031.9157574,0,57232,0,GPS1_FRAME,42.33842166666667,-71.09002833333334,24.1,327825.3805774724,4689467.40740391,19,T
1666454032.913966,0,57233,0,GPS1_FRAME,42.33842166666667,-71.09002833333334,24.1,327825.3805774724,4689467.40740391,19,T
1666454033.9156725,0,57234,0,GPS1_FRAME,42.33842166666667,-71.09002833333334,24.1,327825.3805774724,4689467.40740391,19,T
1666454034.9162827,0,57235,0,GPS1_FRAME,42.33842166666667,-71.09002833333334,24.1,327825.3805774724,4689467.40740391,19,T
1666454035.915797,0,57236,0,GPS1_FRAME,42.33842166666667,-71.09002833333334,24.1,327825.3805774724,4689467.40740391,19,T
1666454036.9153905,0,57237,0,GPS1_FRAME,42.33842166666667,-71.09002833333334,24.1,327825.3805774724,4689467.40740391,19,T
1666454037.9152164,0,57238,0,GPS1_FRAME,42.33842166666667,-71.09002833333334,24.1,327825.3805774724,4689467.40740391,19,T
1666454038.9159646,0,57239,0,GPS1_FRAME,42.33842,-71.09002666666666,24.2,327825.5133328249,4689467.218958414,19,T
1666454039.9162207,0,57240,0,GPS1_FRAME,42.33842,-71.09002666666666,24.3,327825.5133328249,4689467.218958414,19,T
1666454040.9160395,0,57241,0,GPS1_FRAME,42.33842166666667,-71.09002666666666,24.4,327825.51788169617,4689467.404029094,19,T
1666454041.9163842,0,57242,0,GPS1_FRAME,42.33842333333333,-71.09003,24.6,327825.2478221314,4689467.595849403,19,T
1666454042.9169974,0,57243,0,GPS1_FRAME,42.33842833333333,-71.09003666666666,24.7,327824.71225193486,4689468.164560739,19,T
1666454043.9156163,0,57244,0,GPS1_FRAME,42.33843666666667,-71.09004833333333,24.7,327823.7738670746,4689469.113538013,19,T
1666454044.9155097,0,57245,0,GPS1_FRAME,42.33844333333333,-71.09007166666666,25.1,327821.8698042955,4689469.901068889,19,T
1666454045.9166532,0,57246,0,GPS1_FRAME,42.33845,-71.09010166666667,25.5,327819.41652527626,4689470.70210002,19,T
1666454046.9164233,0,57247,0,GPS1_FRAME,42.33844833333333,-71.09014666666667,25.7,327815.704763777,4689470.608153599,19,T
1666454047.915264,0,57248,0,GPS1_FRAME,42.33843666666667,-71.09019833333333,25.9,327811.41648991295,4689469.41728541,19,T
1666454048.9150538,0,57249,0,GPS1_FRAME,42.33842333333333,-71.09025166666666,25.8,327806.98636088683,4689468.044724297,19,T
1666454049.912073,0,57250,0,GPS1_FRAME,42.33841,-71.09030666666666,25.9,327802.41892574757,4689466.675541207,19,T
1666454050.913002,0,57251,0,GPS1_FRAME,42.33839666666667,-71.09036,25.9,327797.9887929623,4689465.302985687,19,T
1666454051.9139564,0,57252,0,GPS1_FRAME,42.338386666666665,-71.09041,26.3,327793.84236634057,4689464.293823405,19,T
1666454052.9132597,0,57253,0,GPS1_FRAME,42.33838166666666,-71.09046166666667,26.2,327789.5722835249,4689463.843251106,19,T
1666454053.9152324,0,57254,0,GPS1_FRAME,42.33838333333333,-71.09051333333333,26.6,327785.3203997358,4689464.132964121,19,T
1666454054.9156787,0,57255,0,GPS1_FRAME,42.338391666666666,-71.09056666666666,26.8,327780.94941203005,4689465.166338139,19,T
1666454055.9155705,0,57256,0,GPS1_FRAME,42.33840333333333,-71.09062,27.2,327776.58752580016,4689466.569856294,19,T
1666454056.9174645,0,57257,0,GPS1_FRAME,42.33842,-71.09067833333333,27.6,327771.8273793354,4689468.538716861,19,T
1666454057.9180574,0,57258,0,GPS1_FRAME,42.33843666666667,-71.09073666666667,28.1,327767.06723540823,4689470.507580748,19,T
1666454058.9178522,0,57259,0,GPS1_FRAME,42.338451666666664,-71.09078833333334,28.2,327762.85176012747,4689472.277873058,19,T
1666454059.9181275,0,57260,0,GPS1_FRAME,42.338465,-71.09084166666666,28.5,327758.4944320925,4689473.866473414,19,T
1666454060.9175608,0,57261,0,GPS1_FRAME,42.338483333333336,-71.09089,28.7,327754.56267050037,4689476.000159967,19,T
1666454061.9162276,0,57262,0,GPS1_FRAME,42.33848666666667,-71.09093166666666,29.0,327751.13916981063,4689476.454707458,19,T
1666454062.9157457,0,57263,0,GPS1_FRAME,42.338476666666665,-71.09096666666667,29.4,327748.22847840324,4689475.415185752,19,T
1666454063.9163651,0,57264,0,GPS1_FRAME,42.338458333333335,-71.09099166666667,29.9,327746.11885598983,4689473.430053489,19,T
1666454064.9164312,0,57265,0,GPS1_FRAME,42.338431666666665,-71.09101,30.4,327744.53569408203,4689470.506062748,19,T
1666454065.9160295,0,57266,0,GPS1_FRAME,42.338393333333336,-71.09102833333333,31.0,327742.9206735685,4689466.286577523,19,T
1666454066.916285,0,57267,0,GPS1_FRAME,42.338343333333334,-71.09104833333333,31.4,327741.13648928236,4689460.774974291,19,T
1666454067.9165037,0,57268,0,GPS1_FRAME,42.33828166666667,-71.091095,32.2,327737.1235720301,4689454.021900975,19,T
1666454068.9151556,0,57269,0,GPS1_FRAME,42.338226666666664,-71.09114166666667,33.0,327733.12885257386,4689448.009112532,19,T
1666454069.9162838,0,57270,0,GPS1_FRAME,42.338175,-71.09119666666666,33.8,327728.4567054712,4689442.383351067,19,T
1666454070.915656,0,57271,0,GPS1_FRAME,42.33812666666667,-71.09124333333334,34.2,327724.4801784677,4689437.110849988,19,T
1666454071.915526,0,57272,0,GPS1_FRAME,42.33808166666667,-71.09128666666666,34.4,327720.78735881683,4689432.201738692,19,T
1666454072.9153714,0,57273,0,GPS1_FRAME,42.33803666666667,-71.091325,34.6,327717.50644938106,4689427.282498485,19,T
1666454073.9155731,0,57274,0,GPS1_FRAME,42.33799833333333,-71.09135333333333,34.6,327715.06757345283,4689423.083280665,19,T
1666454074.915566,0,57275,0,GPS1_FRAME,42.337965,-71.09136833333334,34.8,327713.74079193594,4689419.412259758,19,T
1666454075.9159129,0,57276,0,GPS1_FRAME,42.337941666666666,-71.09138666666666,35.6,327712.1667093184,4689416.858417167,19,T
1666454076.9156127,0,57277,0,GPS1_FRAME,42.33792666666667,-71.09142,36.6,327709.3796369489,4689415.260321743,19,T
1666454077.9155781,0,57278,0,GPS1_FRAME,42.337915,-71.09145833333334,37.6,327706.1897511321,4689414.042500109,19,T
1666454078.9152877,0,57279,0,GPS1_FRAME,42.337898333333335,-71.09150666666666,38.3,327702.1623758131,4689412.289731017,19,T
1666454079.9156854,0,57280,0,GPS1_FRAME,42.33788166666667,-71.09153166666667,38.6,327700.0572741532,4689410.489682542,19,T
1666454080.9152837,0,57281,0,GPS1_FRAME,42.33786,-71.09155666666666,38.6,327697.9385149492,4689408.134422635,19,T
1666454081.9170728,0,57282,0,GPS1_FRAME,42.337833333333336,-71.09156333333334,38.7,327697.3164584145,4689405.186800926,19,T
1666454082.9161456,0,57283,0,GPS1_FRAME,42.33780333333333,-71.09155166666666,38.6,327698.1956585,4689401.831887751,19,T
1666454083.9161382,0,57284,0,GPS1_FRAME,42.337765,-71.09153666666667,38.5,327699.32671032206,4689397.544866845,19,T
1666454084.9159262,0,57285,0,GPS1_FRAME,42.337718333333335,-71.09152833333333,37.1,327699.8857803234,4689392.346001732,19,T
1666454085.9146445,0,57286,0,GPS1_FRAME,42.337671666666665,-71.09153166666667,35.6,327699.48371037125,4689387.170777336,19,T
1666454086.9149754,0,57287,0,GPS1_FRAME,42.33763166666667,-71.09149333333333,35.1,327702.53249737876,4689382.651405418,19,T
1666454087.9154708,0,57288,0,GPS1_FRAME,42.33759666666667,-71.09146166666666,34.5,327705.0457200736,4689378.70075546,19,T
1666454088.914139,0,57289,0,GPS1_FRAME,42.33756,-71.09144,33.2,327706.7305572048,4689374.585298331,19,T
1666454089.913869,0,57290,0,GPS1_FRAME,42.33753,-71.09142166666666,32.6,327708.1589914285,4689371.216878476,19,T
1666454090.9147146,0,57291,0,GPS1_FRAME,42.337505,-71.09140833333333,31.0,327709.1891638106,4689368.4138020715,19,T
1666454091.9146318,0,57292,0,GPS1_FRAME,42.33748166666667,-71.09140166666667,29.4,327709.674663738,4689365.809304607,19,T
1666454092.914871,0,57293,0,GPS1_FRAME,42.33745833333333,-71.09139833333333,28.2,327709.88555143913,4689363.211561232,19,T
1666454093.914628,0,57294,0,GPS1_FRAME,42.337428333333335,-71.091385,27.2,327710.90207069507,4689359.853273175,19,T
1666454094.9142437,0,57295,0,GPS1_FRAME,42.33739333333333,-71.09136666666667,26.3,327712.3168553305,4689355.9296424,19,T
1666454095.9150825,0,57296,0,GPS1_FRAME,42.33735,-71.09136166666667,24.9,327712.6104308758,4689351.107674268,19,T
1666454096.9166932,0,57297,0,GPS1_FRAME,42.337305,-71.091315,25.3,327716.33212207176,4689346.016212574,19,T
1666454097.9166253,0,57298,0,GPS1_FRAME,42.33726333333333,-71.09129333333334,25.5,327718.0033204536,4689341.345546807,19,T
1666454098.9152985,0,57299,0,GPS1_FRAME,42.33723,-71.09127333333333,26.9,327719.5599718498,4689337.603611641,19,T
1666454099.9158154,0,57300,0,GPS1_FRAME,42.33720666666667,-71.09122833333333,28.1,327723.20353685936,4689334.921449379,19,T
1666454100.916021,0,57301,0,GPS1_FRAME,42.33719166666667,-71.09119,28.8,327726.32063340076,4689333.178149084,19,T
1666454101.9164846,0,57302,0,GPS1_FRAME,42.33719166666667,-71.09116666666667,31.6,327728.24293016654,4689333.130875809,19,T
1666454102.9174123,0,57303,0,GPS1_FRAME,42.33719333333333,-71.09116666666667,31.5,327728.2474814134,4689333.315946465,19,T
1666454103.9171803,0,57304,0,GPS1_FRAME,42.33719333333333,-71.09116666666667,31.5,327728.2474814134,4689333.315946465,19,T
1666454104.916762,0,57305,0,GPS1_FRAME,42.337196666666664,-71.09115,33.8,327729.629652915,4689333.652321473,19,T
1666454105.9177737,0,57306,0,GPS1_FRAME,42.33719833333333,-71.091135,36.1,327730.8699661975,4689333.807002689,19,T
1666454106.9175484,0,57307,0,GPS1_FRAME,42.33719833333333,-71.09112,38.4,327732.1057282678,4689333.776613465,19,T
1666454107.918011,0,57308,0,GPS1_FRAME,42.33719833333333,-71.09112166666667,38.3,327731.9684213739,4689333.779990034,19,T
1666454108.917066,0,57309,0,GPS1_FRAME,42.33719833333333,-71.09112,38.3,327732.1057282678,4689333.776613465,19,T
1666454109.9166353,0,57310,0,GPS1_FRAME,42.33719833333333,-71.09112,38.4,327732.1057282678,4689333.776613465,19,T
1666454110.91692,0,57311,0,GPS1_FRAME,42.33719833333333,-71.09112,38.4,327732.1057282678,4689333.776613465,19,T
1666454111.9188406,0,57312,0,GPS1_FRAME,42.33719833333333,-71.09111833333333,38.4,327732.2430351658,4689333.773236898,19,T
1666454112.9167829,0,57313,0,GPS1_FRAME,42.33719833333333,-71.09111833333333,38.4,327732.2430351658,4689333.773236898,19,T
1666454113.9167128,0,57314,0,GPS1_FRAME,42.33719833333333,-71.09111833333333,38.4,327732.2430351658,4689333.773236898,19,T
1666454114.9171956,0,57315,0,GPS1_FRAME,42.337195,-71.09110333333334,39.1,327733.46969501616,4689333.372706606,19,T
1666454115.9166608,0,57316,0,GPS1_FRAME,42.337181666666666,-71.09109166666667,39.2,327734.3944346779,4689331.868505644,19,T
1666454116.9149673,0,57317,0,GPS1_FRAME,42.337158333333335,-71.091085,39.5,327734.8799474711,4689329.264010416,19,T
1666454117.9154952,0,57318,0,GPS1_FRAME,42.33712833333333,-71.09108166666667,39.8,327735.07264240447,4689325.925985636,19,T
1666454118.915678,0,57319,0,GPS1_FRAME,42.337088333333334,-71.09107666666667,39.9,327735.37533850915,4689321.474160475,19,T
1666454119.9169261,0,57320,0,GPS1_FRAME,42.337046666666666,-71.09107333333333,39.6,327735.5361769635,4689316.840641205,19,T
1666454120.917016,0,57321,0,GPS1_FRAME,42.337,-71.09107,39.5,327735.68336281553,4689311.651910029,19,T
1666454121.9143462,0,57322,0,GPS1_FRAME,42.336958333333335,-71.091075,38.6,327735.15766511566,4689307.03527328,19,T
1666454122.9142673,0,57323,0,GPS1_FRAME,42.336911666666666,-71.09108,38.3,327734.6183138635,4689301.863424637,19,T
1666454123.91517,0,57324,0,GPS1_FRAME,42.336865,-71.09108666666667,38.0,327733.94165449427,4689296.694952564,19,T
1666454124.91445,0,57325,0,GPS1_FRAME,42.33681833333333,-71.09109333333333,37.6,327733.26499442407,4689291.526480564,19,T
1666454125.9140081,0,57326,0,GPS1_FRAME,42.33677333333333,-71.091095,37.3,327733.0048081891,4689286.532949705,19,T
1666454126.9148567,0,57327,0,GPS1_FRAME,42.33672833333333,-71.0911,37.2,327732.4700060234,4689281.546171935,19,T
1666454127.9153154,0,57328,0,GPS1_FRAME,42.33669166666667,-71.09111166666666,37.4,327731.4087267143,4689277.498253601,19,T
1666454128.914418,0,57329,0,GPS1_FRAME,42.336666666666666,-71.09114,37.3,327729.00622354634,4689274.779595711,19,T
1666454129.9149199,0,57330,0,GPS1_FRAME,42.336663333333334,-71.09116166666666,37.7,327727.21211644803,4689274.4533503875,19,T
1666454130.9147363,0,57331,0,GPS1_FRAME,42.33665333333333,-71.09117333333333,37.9,327726.22365272115,4689273.366563017,19,T
1666454131.9148324,0,57332,0,GPS1_FRAME,42.336641666666665,-71.09118,38.2,327725.6425617852,4689272.084575147,19,T
1666454132.9140084,0,57333,0,GPS1_FRAME,42.336618333333334,-71.091185,38.1,327725.1669201307,4689269.503716175,19,T
1666454133.9150672,0,57334,0,GPS1_FRAME,42.336598333333335,-71.091195,38.3,327724.2884560775,4689267.303128548,19,T
1666454134.914231,0,57335,0,GPS1_FRAME,42.33656166666667,-71.091205,38.3,327723.36447876215,4689263.251834636,19,T
1666454135.9153605,0,57336,0,GPS1_FRAME,42.33651,-71.09120833333333,37.5,327722.9487725115,4689257.521398268,19,T
1666454136.9142754,0,57337,0,GPS1_FRAME,42.33645166666667,-71.09122166666667,37.2,327721.69100968365,4689251.0709397085,19,T
1666454137.9124672,0,57338,0,GPS1_FRAME,42.3364,-71.09124,36.7,327720.03952439816,4689245.370894151,19,T
1666454138.91329,0,57339,0,GPS1_FRAME,42.33634333333333,-71.09127666666667,36.1,327716.86398628535,4689239.1527818255,19,T
1666454139.9142785,0,57340,0,GPS1_FRAME,42.33629166666667,-71.09128166666666,36.2,327716.31096596434,4689233.425722666,19,T
1666454140.9130495,0,57341,0,GPS1_FRAME,42.33624666666667,-71.09129166666666,36.5,327715.36422389455,4689228.449076589,19,T
1666454141.912703,0,57342,0,GPS1_FRAME,42.33621,-71.09127833333334,35.6,327716.3625647443,4689224.350508135,19,T
1666454142.9168966,0,57343,0,GPS1_FRAME,42.33617666666667,-71.09125333333333,35.1,327718.3311735523,4689220.598443666,19,T
1666454143.9144323,0,57344,0,GPS1_FRAME,42.336151666666666,-71.091235,35.0,327719.77330433135,4689217.785239918,19,T
1666454144.914177,0,57345,0,GPS1_FRAME,42.33614166666667,-71.09123166666667,34.5,327720.02061490563,4689216.668062677,19,T
1666454145.915149,0,57346,0,GPS1_FRAME,42.336148333333334,-71.091235,33.9,327719.76420172286,4689217.415098664,19,T
1666454146.9150648,0,57347,0,GPS1_FRAME,42.336151666666666,-71.09123666666666,33.9,327719.63599515206,4689217.788616663,19,T
1666454147.9165819,0,57348,0,GPS1_FRAME,42.336151666666666,-71.09123666666666,33.9,327719.63599515206,4689217.788616663,19,T
1666454148.9151688,0,57349,0,GPS1_FRAME,42.336151666666666,-71.09123333333334,33.5,327719.9106135085,4689217.781863177,19,T
1666454149.9142795,0,57350,0,GPS1_FRAME,42.336146666666664,-71.09124,33.9,327719.3477228526,4689217.240158275,19,T
1666454150.9141948,0,57351,0,GPS1_FRAME,42.33613833333333,-71.09125833333333,33.9,327717.8145650001,4689216.351949558,19,T
1666454151.9152122,0,57352,0,GPS1_FRAME,42.33611833333333,-71.091285,35.4,327715.5630007483,4689214.185130859,19,T
1666454152.91687,0,57353,0,GPS1_FRAME,42.336106666666666,-71.09132166666667,35.8,327712.5103367915,4689212.963927228,19,T
1666454153.9175265,0,57354,0,GPS1_FRAME,42.336106666666666,-71.09137333333334,35.8,327708.2537492042,4689213.068611869,19,T
1666454154.917267,0,57355,0,GPS1_FRAME,42.33612,-71.09143166666667,35.6,327703.4843383323,4689214.667372342,19,T
1666454155.916692,0,57356,0,GPS1_FRAME,42.33614333333333,-71.09149833333333,35.2,327698.055694643,4689217.393445715,19,T
1666454156.915496,0,57357,0,GPS1_FRAME,42.336175,-71.09157,35.3,327692.23788776284,4689221.055008428,19,T
1666454157.9150848,0,57358,0,GPS1_FRAME,42.33620833333333,-71.09165166666666,35.0,327685.60078469367,4689224.921911253,19,T
1666454158.9155204,0,57359,0,GPS1_FRAME,42.336245,-71.091735,35.0,327678.835484583,4689229.162339422,19,T
1666454159.91441,0,57360,0,GPS1_FRAME,42.336281666666665,-71.09181833333334,34.9,327672.070192495,4689233.402774392,19,T
1666454160.9153614,0,57361,0,GPS1_FRAME,42.33631833333333,-71.09190333333333,34.8,327665.16759961215,4689237.6465939805,19,T
1666454161.9149408,0,57362,0,GPS1_FRAME,42.336351666666665,-71.09199,34.6,327658.1186002381,4689241.523657321,19,T
1666454162.915308,0,57363,0,GPS1_FRAME,42.336385,-71.09207833333333,34.6,327650.9322997623,4689245.404106113,19,T
1666454163.9155269,0,57364,0,GPS1_FRAME,42.33642,-71.092165,35.3,327643.88786896,4689249.466254923,19,T
1666454164.9152033,0,57365,0,GPS1_FRAME,42.33645333333333,-71.09225333333333,36.3,327636.70158404316,4689253.346718823,19,T
1666454165.9166143,0,57366,0,GPS1_FRAME,42.33649,-71.09235,37.1,327628.83787208144,4689257.614224356,19,T
1666454166.9165428,0,57367,0,GPS1_FRAME,42.336531666666666,-71.09245333333334,38.2,327620.4385979013,4689262.450465816,19,T
1666454167.915612,0,57368,0,GPS1_FRAME,42.336571666666664,-71.09257833333334,37.5,327610.2497732361,4689267.145572779,19,T
1666454168.915833,0,57369,0,GPS1_FRAME,42.33661166666667,-71.09269333333333,37.2,327600.88481077633,4689271.820420312,19,T
1666454169.9151247,0,57370,0,GPS1_FRAME,42.33664666666667,-71.09279333333333,36.9,327592.74196904746,4689275.90965527,19,T
1666454170.9183507,0,57371,0,GPS1_FRAME,42.336675,-71.09287333333333,36.6,327586.22861324577,4689279.218064401,19,T
1666454171.9166214,0,57372,0,GPS1_FRAME,42.33669833333333,-71.09294,36.0,327580.80006210273,4689281.944231673,19,T
1666454172.9150288,0,57373,0,GPS1_FRAME,42.336711666666666,-71.09299333333334,34.3,327576.44264752814,4689283.532942498,19,T
1666454173.9167535,0,57374,0,GPS1_FRAME,42.33672166666667,-71.09303,33.0,327573.44920371973,4689284.717718127,19,T
1666454174.9166665,0,57375,0,GPS1_FRAME,42.336726666666664,-71.09305166666667,32.1,327571.6778662914,4689285.316865798,19,T
1666454175.9170363,0,57376,0,GPS1_FRAME,42.33673,-71.09306666666667,31.1,327570.45120551845,4689285.717424403,19,T
1666454176.9165215,0,57377,0,GPS1_FRAME,42.336731666666665,-71.093075,30.3,327569.76922121865,4689285.919393648,19,T
1666454177.9176013,0,57378,0,GPS1_FRAME,42.336731666666665,-71.093075,30.4,327569.76922121865,4689285.919393648,19,T
1666454178.9148529,0,57379,0,GPS1_FRAME,42.336731666666665,-71.093075,30.3,327569.76922121865,4689285.919393648,19,T
1666454179.9160285,0,57380,0,GPS1_FRAME,42.336731666666665,-71.093075,30.3,327569.76922121865,4689285.919393648,19,T
1666454180.9154549,0,57381,0,GPS1_FRAME,42.336731666666665,-71.093075,30.3,327569.76922121865,4689285.919393648,19,T
1666454181.9156153,0,57382,0,GPS1_FRAME,42.336731666666665,-71.093075,30.3,327569.76922121865,4689285.919393648,19,T
1666454182.9158328,0,57383,0,GPS1_FRAME,42.336731666666665,-71.093075,30.3,327569.76922121865,4689285.919393648,19,T
1666454183.9166439,0,57384,0,GPS1_FRAME,42.336731666666665,-71.093075,30.3,327569.76922121865,4689285.919393648,19,T
1666454184.915495,0,57385,0,GPS1_FRAME,42.336731666666665,-71.093075,30.3,327569.76922121865,4689285.919393648,19,T
1666454185.9156873,0,57386,0,GPS1_FRAME,42.336731666666665,-71.093075,30.3,327569.76922121865,4689285.919393648,19,T
1666454186.9150355,0,57387,0,GPS1_FRAME,42.336731666666665,-71.093075,30.3,327569.76922121865,4689285.919393648,19,T
1666454187.9161348,0,57388,0,GPS1_FRAME,42.336731666666665,-71.09307,30.1,327570.1811450069,4689285.909254491,19,T
1666454188.9151247,0,57389,0,GPS1_FRAME,42.336733333333335,-71.093075,29.7,327569.7737765827,4689286.104464314,19,T
1666454189.9157238,0,57390,0,GPS1_FRAME,42.33674,-71.09309166666667,29.4,327568.41891892545,4689286.878544336,19,T
1666454190.9132538,0,57391,0,GPS1_FRAME,42.336753333333334,-71.09312,29.4,327566.12112813327,4689288.416565798,19,T
1666454191.9166355,0,57392,0,GPS1_FRAME,42.33677,-71.09315666666667,29.5,327563.1459101525,4689290.341628621,19,T
1666454192.915734,0,57393,0,GPS1_FRAME,42.33678833333333,-71.0932,29.6,327559.62601817894,4689292.46528311,19,T
1666454193.91699,0,57394,0,GPS1_FRAME,42.33680833333333,-71.09324833333334,29.8,327555.6987607345,4689294.784150103,19,T
1666454194.916189,0,57395,0,GPS1_FRAME,42.33682833333334,-71.0933,29.5,327551.49689038703,4689297.109779555,19,T
1666454195.9159098,0,57396,0,GPS1_FRAME,42.336848333333336,-71.09335166666666,29.3,327547.29502274666,4689299.435411614,19,T
1666454196.91539,0,57397,0,GPS1_FRAME,42.336866666666666,-71.09340666666667,28.9,327542.81398644985,4689301.582736128,19,T
1666454197.9151552,0,57398,0,GPS1_FRAME,42.336885,-71.09345833333333,28.6,327538.60756798764,4689303.7233029,19,T
1666454198.9153163,0,57399,0,GPS1_FRAME,42.33690166666667,-71.09351,28.4,327534.3965956796,4689305.678801605,19,T
1666454199.917001,0,57400,0,GPS1_FRAME,42.33691,-71.09356333333334,28.1,327530.0255358784,4689306.712330056,19,T
1666454200.9197898,0,57401,0,GPS1_FRAME,42.336906666666664,-71.09361666666666,27.8,327525.6225813088,4689306.4503665455,19,T
1666454201.9230251,0,57402,0,GPS1_FRAME,42.33688333333333,-71.093665,27.6,327521.5768689786,4689303.957415644,19,T
1666454202.9224598,0,57403,0,GPS1_FRAME,42.336845,-71.09370333333334,27.4,327518.31398895587,4689299.778546441,19,T
1666454203.9163013,0,57404,0,GPS1_FRAME,42.336798333333334,-71.09373833333333,27.6,327515.3029366308,4689294.667563706,19,T
1666454204.9158175,0,57405,0,GPS1_FRAME,42.33674333333333,-71.093775,27.4,327512.1317877993,4689288.634609662,19,T
1666454205.9149158,0,57406,0,GPS1_FRAME,42.33668333333333,-71.093815,27.2,327508.67234687146,4689282.053206768,19,T
1666454206.921247,0,57407,0,GPS1_FRAME,42.33662,-71.09385333333333,27.3,327505.3410939247,4689275.098283135,19,T
1666454207.922499,0,57408,0,GPS1_FRAME,42.33655666666667,-71.09389333333333,27.3,327501.87252651644,4689268.146742002,19,T
1666454208.919098,0,57409,0,GPS1_FRAME,42.33649333333334,-71.09393333333334,27.5,327498.40395268914,4689261.195202456,19,T
1666454209.9254138,0,57410,0,GPS1_FRAME,42.33643166666667,-71.09397166666666,27.6,327495.077238329,4689254.42535399,19,T
1666454210.9199984,0,57411,0,GPS1_FRAME,42.336371666666665,-71.09401,27.9,327491.7550753518,4689247.840577647,19,T
1666454211.9142845,0,57412,0,GPS1_FRAME,42.33631166666667,-71.09404666666667,28.2,327488.570215394,4689241.252421468,19,T
1666454212.9168456,0,57413,0,GPS1_FRAME,42.33624833333333,-71.09408666666667,28.3,327485.1016168533,4689234.300888,19,T
1666454213.9168754,0,57414,0,GPS1_FRAME,42.33618666666667,-71.09412333333333,29.0,327481.9121877502,4689227.527663953,19,T
1666454214.916362,0,57415,0,GPS1_FRAME,42.33612333333333,-71.09416166666666,29.4,327478.58088599256,4689220.572752052,19,T
1666454215.9170833,0,57416,0,GPS1_FRAME,42.336058333333334,-71.09420166666666,30.1,327475.1077109296,4689213.436152491,19,T
1666454216.9158235,0,57417,0,GPS1_FRAME,42.335993333333334,-71.09424333333334,31.6,327471.4972197355,4689206.30293612,19,T
1666454217.915783,0,57418,0,GPS1_FRAME,42.335925,-71.094285,33.2,327467.87760582124,4689198.799580159,19,T
1666454218.9152758,0,57419,0,GPS1_FRAME,42.335856666666665,-71.094325,34.6,327464.3952945445,4689191.292844185,19,T
1666454219.916367,0,57420,0,GPS1_FRAME,42.33579,-71.094365,35.9,327460.9175344523,4689183.971180458,19,T
1666454220.9155476,0,57421,0,GPS1_FRAME,42.335723333333334,-71.09440333333333,36.6,327457.57707775384,4689176.646136462,19,T
1666454221.9153676,0,57422,0,GPS1_FRAME,42.33566,-71.09444,37.6,327454.38304136845,4689169.687853309,19,T
1666454222.9155374,0,57423,0,GPS1_FRAME,42.33560166666667,-71.09447333333334,39.5,327451.47729487973,4689163.278019495,19,T
1666454223.9169412,0,57424,0,GPS1_FRAME,42.33554,-71.09450666666666,41.2,327448.56242672517,4689156.498045498,19,T
1666454224.9167676,0,57425,0,GPS1_FRAME,42.33548,-71.09454,42.8,327445.65211183764,4689149.903143257,19,T
1666454225.9213061,0,57426,0,GPS1_FRAME,42.33542166666667,-71.09457166666667,43.9,327442.8836612162,4689143.489930646,19,T
1666454226.91803,0,57427,0,GPS1_FRAME,42.33536333333333,-71.09460833333333,43.0,327439.7032731668,4689137.086865584,19,T
1666454227.9161737,0,57428,0,GPS1_FRAME,42.33530833333333,-71.09464333333334,42.2,327436.66930806136,4689131.050560896,19,T
1666454228.9156337,0,57429,0,GPS1_FRAME,42.335251666666665,-71.09467666666667,42.1,327433.7680905187,4689124.825804482,19,T
1666454229.917812,0,57430,0,GPS1_FRAME,42.335195,-71.09471166666667,42.5,327430.7295569121,4689118.604431528,19,T
1666454230.920567,0,57431,0,GPS1_FRAME,42.33514,-71.09474666666667,42.9,327427.69557714975,4689112.568130424,19,T
1666454231.923048,0,57432,0,GPS1_FRAME,42.33508666666667,-71.09478166666666,43.5,327424.6661514438,4689106.716901171,19,T
1666454232.9222548,0,57433,0,GPS1_FRAME,42.335035,-71.094815,43.5,327421.77859165263,4689101.047361247,19,T
1666454233.9211068,0,57434,0,GPS1_FRAME,42.334985,-71.09484833333333,43.7,327418.89558656816,4689095.562893058,19,T
1666454234.921462,0,57435,0,GPS1_FRAME,42.334938333333334,-71.09487833333333,43.7,327416.2963192384,4689090.441801991,19,T
1666454235.9179225,0,57436,0,GPS1_FRAME,42.3349,-71.094905,42.7,327413.9944682147,4689086.239299653,19,T
1666454236.9223166,0,57437,0,GPS1_FRAME,42.334873333333334,-71.09492666666667,41.6,327412.1364652866,4689083.322144344,19,T
1666454237.915955,0,57438,0,GPS1_FRAME,42.334853333333335,-71.094945,40.4,327410.5713220745,4689081.13850657,19,T
1666454238.9174118,0,57439,0,GPS1_FRAME,42.33484,-71.09496,39.3,327409.299039303,4689079.688386146,19,T
1666454239.9179065,0,57440,0,GPS1_FRAME,42.33483666666667,-71.09496666666666,38.4,327408.74067239964,4689079.331775898,19,T
1666454240.9173617,0,57441,0,GPS1_FRAME,42.33483666666667,-71.09497,37.5,327408.46604825195,4689079.338541423,19,T
1666454241.9171162,0,57442,0,GPS1_FRAME,42.33483666666667,-71.09497,37.5,327408.46604825195,4689079.338541423,19,T
1666454242.9164698,0,57443,0,GPS1_FRAME,42.33483666666667,-71.09496833333333,37.3,327408.6033603248,4689079.33515866,19,T
1666454243.9172568,0,57444,0,GPS1_FRAME,42.33483666666667,-71.09497333333333,36.4,327408.19142410427,4689079.345306958,19,T
1666454244.916748,0,57445,0,GPS1_FRAME,42.334833333333336,-71.09498833333333,35.5,327406.946496711,4689079.005610737,19,T
1666454245.915688,0,57446,0,GPS1_FRAME,42.334828333333334,-71.09501666666667,34.7,327404.5985130502,4689078.507906737,19,T
1666454246.917189,0,57447,0,GPS1_FRAME,42.334833333333336,-71.09505833333333,34.2,327401.179389292,4689079.147690488,19,T
1666454247.9174175,0,57448,0,GPS1_FRAME,42.334845,-71.09510833333333,33.4,327397.0919442275,4689080.544673367,19,T
1666454248.9148445,0,57449,0,GPS1_FRAME,42.33486666666667,-71.09516833333333,32.8,327392.20798705326,4689083.072380959,19,T
1666454249.9169488,0,57450,0,GPS1_FRAME,42.33489333333333,-71.095235,32.8,327386.78846515185,4689086.168836728,19,T
1666454250.9164233,0,57451,0,GPS1_FRAME,42.334925,-71.09531,33.1,327380.69606866303,4689089.837425301,19,T
1666454251.9172013,0,57452,0,GPS1_FRAME,42.33496,-71.09539333333333,33.3,327373.9262398471,4689093.893077879,19,T
1666454252.919133,0,57453,0,GPS1_FRAME,42.334995,-71.095485,33.5,327366.4698600196,4689097.965655213,19,T
1666454253.916083,0,57454,0,GPS1_FRAME,42.335033333333335,-71.09558166666666,33.8,327358.6106749814,4689102.418533305,19,T
1666454254.9147766,0,57455,0,GPS1_FRAME,42.33507,-71.09568166666666,33.6,327350.4723156317,4689106.693117716,19,T
1666454255.9160948,0,57456,0,GPS1_FRAME,42.33510833333333,-71.095785,33.5,327342.0639040272,4689111.1595507115,19,T
1666454256.920799,0,57457,0,GPS1_FRAME,42.335145,-71.09588833333333,33.5,327333.65094145364,4689115.440923491,19,T
1666454257.915937,0,57458,0,GPS1_FRAME,42.33518333333333,-71.095995,33.4,327324.96792772686,4689119.914146195,19,T
1666454258.9163477,0,57459,0,GPS1_FRAME,42.33522166666667,-71.09609833333333,33.3,327316.55954720185,4689124.380610825,19,T
1666454259.9160643,0,57460,0,GPS1_FRAME,42.335256666666666,-71.0962,33.4,327308.2793641328,4689128.47355981,19,T
1666454260.9148154,0,57461,0,GPS1_FRAME,42.33529166666667,-71.0963,33.7,327300.1365014744,4689132.563133968,19,T
1666454261.9157465,0,57462,0,GPS1_FRAME,42.33532666666667,-71.09639833333334,33.9,327292.1309589962,4689136.649332812,19,T
1666454262.915035,0,57463,0,GPS1_FRAME,42.33535833333333,-71.09649833333333,34.0,327283.9789891901,4689140.36878501,19,T
1666454263.915911,0,57464,0,GPS1_FRAME,42.335385,-71.096595,34.2,327276.08796068653,4689143.526264173,19,T
1666454264.9166875,0,57465,0,GPS1_FRAME,42.335411666666666,-71.09669166666667,33.9,327268.1969389091,4689146.68375244,19,T
1666454265.9161103,0,57466,0,GPS1_FRAME,42.335433333333334,-71.09678166666667,33.8,327260.8414770007,4689149.272494991,19,T
1666454266.9160855,0,57467,0,GPS1_FRAME,42.33545,-71.09686,34.3,327254.43350487866,4689151.282332566,19,T
1666454267.9169312,0,57468,0,GPS1_FRAME,42.33546833333333,-71.096935,33.9,327248.30472125334,4689153.470474882,19,T
1666454268.9157143,0,57469,0,GPS1_FRAME,42.33548166666667,-71.09700166666667,33.6,327242.84880315396,4689155.086480345,19,T
1666454269.9160054,0,57470,0,GPS1_FRAME,42.33549,-71.09705833333334,33.3,327238.2030595084,4689156.126961177,19,T
1666454270.9165835,0,57471,0,GPS1_FRAME,42.335483333333336,-71.09710833333334,32.9,327234.0654833093,4689155.488264128,19,T
1666454271.9157228,0,57472,0,GPS1_FRAME,42.335465,-71.09715166666666,32.8,327230.4452000762,4689153.540529566,19,T
1666454272.9181406,0,57473,0,GPS1_FRAME,42.335436666666666,-71.09719,32.7,327227.2094617734,4689150.4722136855,19,T
1666454273.9211073,0,57474,0,GPS1_FRAME,42.33539833333333,-71.09722333333333,32.8,327224.3582674989,4689146.283315939,19,T
1666454274.915291,0,57475,0,GPS1_FRAME,42.33535333333333,-71.097255,33.0,327221.6261235098,4689141.350750125,19,T
1666454275.9160383,0,57476,0,GPS1_FRAME,42.335303333333336,-71.09728833333334,33.0,327218.74297157803,4689135.866359801,19,T
1666454276.9154434,0,57477,0,GPS1_FRAME,42.33525,-71.097325,33.3,327215.5760640634,4689130.018602383,19,T
1666454277.9135387,0,57478,0,GPS1_FRAME,42.33519666666667,-71.09736166666667,33.6,327212.4091515781,4689124.17084629,19,T
1666454278.912951,0,57479,0,GPS1_FRAME,42.335143333333335,-71.09739666666667,33.7,327209.3795455509,4689118.31970483,19,T
1666454279.9170203,0,57480,0,GPS1_FRAME,42.33508833333333,-71.09743166666667,34.2,327206.3453700752,4689112.283493915,19,T
1666454280.9153214,0,57481,0,GPS1_FRAME,42.33504,-71.09746333333334,34.7,327203.6040721537,4689106.980793274,19,T
1666454281.9154434,0,57482,0,GPS1_FRAME,42.33499833333333,-71.09749166666667,34.7,327201.15565319615,4689102.411602591,19,T
1666454282.916771,0,57483,0,GPS1_FRAME,42.334975,-71.09750833333334,34.7,327199.7186276097,4689099.854481853,19,T
1666454283.916067,0,57484,0,GPS1_FRAME,42.334963333333334,-71.09751666666666,34.2,327199.0001144456,4689098.575921585,19,T
1666454284.9158716,0,57485,0,GPS1_FRAME,42.33495833333333,-71.09752166666667,33.7,327198.574484303,4689098.030870255,19,T
1666454285.9220688,0,57486,0,GPS1_FRAME,42.33495,-71.09752666666667,33.5,327198.1397242851,4689097.11567762,19,T
1666454286.921879,0,57487,0,GPS1_FRAME,42.334943333333335,-71.09753166666667,33.4,327197.7095290775,4689096.385555675,19,T
1666454287.9217942,0,57488,0,GPS1_FRAME,42.33494,-71.09753666666667,33.7,327197.28846363537,4689096.02557508,19,T
1666454288.9210184,0,57489,0,GPS1_FRAME,42.334935,-71.09754333333333,33.7,327196.7255213355,4689095.483910771,19,T
1666454289.9218814,0,57490,0,GPS1_FRAME,42.33492,-71.09755,33.8,327196.13518922275,4689093.831822527,19,T
1666454290.915818,0,57491,0,GPS1_FRAME,42.33489333333333,-71.097545,34.1,327196.47408589686,4689090.860531129,19,T
1666454291.9226649,0,57492,0,GPS1_FRAME,42.33486166666667,-71.09752166666667,34.4,327198.3097206212,4689087.296771836,19,T
1666454292.9176629,0,57493,0,GPS1_FRAME,42.334833333333336,-71.09748833333333,34.5,327200.978359604,4689084.082833355,19,T
1666454293.9198313,0,57494,0,GPS1_FRAME,42.33481,-71.09744833333333,34.5,327204.209943913,4689081.410560851,19,T
1666454294.9174294,0,57495,0,GPS1_FRAME,42.334788333333336,-71.09740166666667,34.6,327207.9953441111,4689078.909813776,19,T
1666454295.9167156,0,57496,0,GPS1_FRAME,42.33476666666667,-71.09734833333333,34.7,327212.3299959508,4689076.395522379,19,T
1666454296.9152968,0,57497,0,GPS1_FRAME,42.334745,-71.09729,34.8,327217.0765877014,4689073.87107421,19,T
1666454297.9168143,0,57498,0,GPS1_FRAME,42.33472166666667,-71.09722666666667,34.8,327222.2305555474,4689071.151399467,19,T
1666454298.9166224,0,57499,0,GPS1_FRAME,42.3347,-71.097165,34.7,327227.2517789686,4689068.620185603,19,T
1666454299.9167325,0,57500,0,GPS1_FRAME,42.334678333333336,-71.09710666666666,34.6,327231.99838101596,4689066.095747885,19,T
1666454300.9160202,0,57501,0,GPS1_FRAME,42.334655,-71.09705166666667,34.6,327236.4657975642,4689063.3930150885,19,T
1666454301.9159222,0,57502,0,GPS1_FRAME,42.33463,-71.09700333333333,34.6,327240.3794035992,4689060.518758781,19,T
1666454302.9154418,0,57503,0,GPS1_FRAME,42.334605,-71.09696,34.5,327243.88107502647,4689057.654662691,19,T
1666454303.9162042,0,57504,0,GPS1_FRAME,42.33457666666666,-71.09692666666666,34.3,327246.54974628554,4689054.440742654,19,T
1666454304.9158344,0,57505,0,GPS1_FRAME,42.334543333333336,-71.09691,34.1,327247.83160229377,4689050.705470625,19,T
1666454305.915633,0,57506,0,GPS1_FRAME,42.334505,-71.096915,33.9,327247.3147027936,4689046.459003499,19,T
1666454306.9154682,0,57507,0,GPS1_FRAME,42.334466666666664,-71.09693666666666,33.4,327245.42467391095,4689042.246395683,19,T
1666454307.9152958,0,57508,0,GPS1_FRAME,42.334425,-71.09697166666666,33.0,327242.42701179266,4689037.69073493,19,T
1666454308.9213932,0,57509,0,GPS1_FRAME,42.33438,-71.09701,32.6,327239.1455923334,4689032.771706203,19,T
1666454309.9216108,0,57510,0,GPS1_FRAME,42.334331666666664,-71.09705166666667,31.9,327235.58041446167,4689027.489309871,19,T
1666454310.9216151,0,57511,0,GPS1_FRAME,42.33428166666667,-71.09709166666667,31.8,327232.1479808412,4689022.018458406,19,T
1666454311.9156265,0,57512,0,GPS1_FRAME,42.33423666666667,-71.09712833333333,31.7,327229.00386085757,4689017.096047926,19,T
1666454312.9149587,0,57513,0,GPS1_FRAME,42.334195,-71.09716166666666,31.5,327226.14349174243,4689012.537007432,19,T
1666454313.9160905,0,57514,0,GPS1_FRAME,42.334158333333335,-71.09719166666666,31.3,327223.57143856154,4689008.526407237,19,T
1666454314.9214606,0,57515,0,GPS1_FRAME,42.334125,-71.09721833333333,31.1,327221.2831381915,4689004.879176407,19,T
1666454315.9221332,0,57516,0,GPS1_FRAME,42.334093333333335,-71.09724333333334,30.7,327219.1367134802,4689001.413630481,19,T
1666454316.9213088,0,57517,0,GPS1_FRAME,42.33406166666666,-71.09726833333333,30.4,327216.9902867535,4688997.948085164,19,T
1666454317.916219,0,57518,0,GPS1_FRAME,42.334025,-71.09729833333333,30.3,327214.4182234723,4688993.937488102,19,T
1666454318.9219222,0,57519,0,GPS1_FRAME,42.333981666666666,-71.09733166666666,30.2,327211.5532719189,4688989.193382523,19,T
1666454319.916006,0,57520,0,GPS1_FRAME,42.333931666666665,-71.09736666666667,30.3,327208.53274476156,4688983.71238213,19,T
1666454320.9165761,0,57521,0,GPS1_FRAME,42.33387833333333,-71.097405,30.3,327205.2284557164,4688977.868015054,19,T
1666454321.9170876,0,57522,0,GPS1_FRAME,42.33382666666667,-71.09744333333333,30.3,327201.92872609454,4688972.208720053,19,T
1666454322.916593,0,57523,0,GPS1_FRAME,42.33377333333333,-71.09748166666667,30.0,327198.6244267252,4688966.364355866,19,T
1666454323.9155145,0,57524,0,GPS1_FRAME,42.333725,-71.09751666666666,30.3,327195.608445534,4688961.068431268,19,T
1666454324.9150093,0,57525,0,GPS1_FRAME,42.33368166666666,-71.09754833333334,30.5,327192.8807838045,4688956.320945916,19,T
1666454325.915164,0,57526,0,GPS1_FRAME,42.333648333333336,-71.09757333333333,30.7,327190.7297667579,4688952.6703374535,19,T
1666454326.920772,0,57527,0,GPS1_FRAME,42.333621666666666,-71.09759166666667,30.7,327189.1462663332,4688949.746464135,19,T
1666454327.9218724,0,57528,0,GPS1_FRAME,42.333603333333336,-71.09760333333334,31.0,327188.1348486361,4688947.7343962295,19,T
1666454328.9151564,0,57529,0,GPS1_FRAME,42.33359333333333,-71.09761,31.5,327187.5581997008,4688946.637520522,19,T
1666454329.9206522,0,57530,0,GPS1_FRAME,42.33358833333333,-71.097615,32.0,327187.13256035454,4688946.09246971,19,T
1666454330.9213789,0,57531,0,GPS1_FRAME,42.33358666666667,-71.09761666666667,32.7,327186.9906805589,4688945.910786112,19,T
1666454331.921321,0,57532,0,GPS1_FRAME,42.33358,-71.09762333333333,33.1,327186.4231613007,4688945.184051743,19,T
1666454332.9211755,0,57533,0,GPS1_FRAME,42.33356833333333,-71.09763166666667,33.6,327185.7046320415,4688943.9054925935,19,T
1666454333.92195,0,57534,0,GPS1_FRAME,42.33355,-71.09764333333334,33.5,327184.69321262406,4688941.893425148,19,T
1666454334.9211965,0,57535,0,GPS1_FRAME,42.333535,-71.097655,33.6,327183.6909227829,4688940.251499086,19,T
1666454335.9213986,0,57536,0,GPS1_FRAME,42.33352333333333,-71.097665,33.6,327182.83507762075,4688938.9763273,19,T
1666454336.9206839,0,57537,0,GPS1_FRAME,42.33351666666667,-71.09767,33.4,327182.40487238526,4688938.246206132,19,T
1666454337.9208388,0,57538,0,GPS1_FRAME,42.333511666666666,-71.09767166666667,33.3,327182.253862128,4688937.694381374,19,T
1666454338.9199033,0,57539,0,GPS1_FRAME,42.333508333333334,-71.09767666666667,33.0,327181.832786968,4688937.334401488,19,T
1666454339.9216564,0,57540,0,GPS1_FRAME,42.33349833333333,-71.09769,32.2,327180.7068762487,4688936.251074826,19,T
1666454340.9211943,0,57541,0,GPS1_FRAME,42.333485,-71.097705,31.9,327179.4345198183,4688934.800994258,19,T
1666454341.915995,0,57542,0,GPS1_FRAME,42.33347333333333,-71.09771833333333,31.7,327178.30404313735,4688933.532597338,19,T
1666454342.9215426,0,57543,0,GPS1_FRAME,42.333463333333334,-71.09773,31.6,327177.3154463646,4688932.445884003,19,T
1666454343.9226692,0,57544,0,GPS1_FRAME,42.333455,-71.09774166666666,31.5,327176.33141453343,4688931.544241425,19,T
1666454344.9208462,0,57545,0,GPS1_FRAME,42.333445,-71.09776333333333,31.6,327174.5189264144,4688930.477851894,19,T
1666454345.921367,0,57546,0,GPS1_FRAME,42.33343833333333,-71.0978,31.6,327171.4797321091,4688929.812089869,19,T
1666454346.9159133,0,57547,0,GPS1_FRAME,42.33343833333333,-71.09785333333333,31.7,327167.0856475167,4688929.920485608,19,T
1666454347.9164314,0,57548,0,GPS1_FRAME,42.33345,-71.097915,31.7,327162.0369465179,4688931.341316,19,T
1666454348.9153016,0,57549,0,GPS1_FRAME,42.33347333333333,-71.09798333333333,31.8,327156.4709473988,4688934.071194939,19,T
1666454349.9153202,0,57550,0,GPS1_FRAME,42.33350166666666,-71.09805833333333,32.3,327150.36939018883,4688937.369841273,19,T
1666454350.91673,0,57551,0,GPS1_FRAME,42.333533333333335,-71.09814,32.4,327143.72771099524,4688941.052185839,19,T
1666454351.9172394,0,57552,0,GPS1_FRAME,42.333565,-71.09822333333334,32.6,327136.94872371,4688944.7379249325,19,T
1666454352.9154718,0,57553,0,GPS1_FRAME,42.333596666666665,-71.09830666666667,32.7,327130.169743342,4688948.423670814,19,T
1666454353.915515,0,57554,0,GPS1_FRAME,42.33362666666667,-71.09838833333333,32.8,327123.52351796266,4688951.920964568,19,T
1666454354.914112,0,57555,0,GPS1_FRAME,42.33365833333333,-71.09847,33.3,327116.88186584506,4688955.6033354765,19,T
1666454355.914511,0,57556,0,GPS1_FRAME,42.33369166666667,-71.09855666666667,33.7,327109.83284374705,4688959.48094918,19,T
1666454356.9140475,0,57557,0,GPS1_FRAME,42.333726666666664,-71.098645,33.8,327102.65108192735,4688963.5470295595,19,T
1666454357.914674,0,57558,0,GPS1_FRAME,42.33376166666667,-71.09873166666667,34.0,327095.60664266394,4688967.609728734,19,T
1666454358.914964,0,57559,0,GPS1_FRAME,42.333795,-71.09882,34.1,327088.4203293642,4688971.490753581,19,T
1666454359.9148803,0,57560,0,GPS1_FRAME,42.33383,-71.09891166666667,34.1,327080.9639630016,4688975.563634948,19,T
1666454360.919916,0,57561,0,GPS1_FRAME,42.333865,-71.099005,34.1,327073.3702908243,4688979.639913803,19,T
1666454361.9196966,0,57562,0,GPS1_FRAME,42.3339,-71.09910666666667,33.8,327065.0900564665,4688983.733148339,19,T
1666454362.9151194,0,57563,0,GPS1_FRAME,42.333936666666666,-71.09921,33.5,327056.6770858355,4688988.01485323,19,T
1666454363.9161434,0,57564,0,GPS1_FRAME,42.33397333333333,-71.099315,33.1,327048.126811136,4688992.299958328,19,T
1666454364.9134645,0,57565,0,GPS1_FRAME,42.33401166666667,-71.09941666666667,33.5,327039.85574328096,4688996.763364958,19,T
1666454365.9147432,0,57566,0,GPS1_FRAME,42.334048333333335,-71.09952166666666,33.3,327031.30548881984,4689001.048491249,19,T
1666454366.9152343,0,57567,0,GPS1_FRAME,42.33408333333333,-71.09962666666667,33.1,327022.75067503366,4689005.148557645,19,T
1666454367.9150846,0,57568,0,GPS1_FRAME,42.334118333333336,-71.09972833333333,33.3,327014.47049822134,4689009.241853902,19,T
1666454368.9147599,0,57569,0,GPS1_FRAME,42.33415333333333,-71.09982833333333,33.3,327006.3276443285,4689013.331769637,19,T
1666454369.9160657,0,57570,0,GPS1_FRAME,42.334185,-71.099925,33.7,326998.45028652705,4689017.044772262,19,T
1666454370.9150875,0,57571,0,GPS1_FRAME,42.33421666666667,-71.10000833333334,34.2,326991.67144446506,4689020.730656707,19,T
1666454371.915261,0,57572,0,GPS1_FRAME,42.334241666666664,-71.10008166666667,34.2,326985.69820806757,4689023.655919075,19,T
1666454372.91454,0,57573,0,GPS1_FRAME,42.33426166666667,-71.10013666666667,34.3,326981.2217118159,4689025.988672304,19,T
1666454373.9143925,0,57574,0,GPS1_FRAME,42.334275,-71.10017166666667,34.8,326978.3746959247,4689027.540451596,19,T
1666454374.917843,0,57575,0,GPS1_FRAME,42.33428166666667,-71.10018833333334,35.5,326977.01984510035,4689028.314646094,19,T
1666454375.9211338,0,57576,0,GPS1_FRAME,42.33428333333333,-71.100195,36.4,326976.47516245546,4689028.513281564,19,T
1666454376.920628,0,57577,0,GPS1_FRAME,42.334285,-71.10020333333334,36.9,326975.7931665196,4689028.715308296,19,T
1666454377.9201596,0,57578,0,GPS1_FRAME,42.334293333333335,-71.100225,37.5,326974.03094700526,4689029.68474773,19,T
1666454378.920285,0,57579,0,GPS1_FRAME,42.334305,-71.10025333333333,38.3,326971.7286164072,4689031.037894149,19,T
1666454379.9161367,0,57580,0,GPS1_FRAME,42.334315,-71.10027833333334,38.7,326969.69634233357,4689032.199187993,19,T
1666454380.9198966,0,57581,0,GPS1_FRAME,42.33432166666667,-71.100295,39.0,326968.3414933155,4689032.9733842295,19,T
1666454381.9215717,0,57582,0,GPS1_FRAME,42.33432333333333,-71.1003,39.1,326967.93412448675,4689033.168629019,19,T
1666454382.921413,0,57583,0,GPS1_FRAME,42.33432333333333,-71.1003,39.1,326967.93412448675,4689033.168629019,19,T
1666454383.9227316,0,57584,0,GPS1_FRAME,42.33432333333333,-71.1003,39.1,326967.93412448675,4689033.168629019,19,T
1666454384.9219332,0,57585,0,GPS1_FRAME,42.33432333333333,-71.1003,39.1,326967.93412448675,4689033.168629019,19,T
1666454385.9147768,0,57586,0,GPS1_FRAME,42.33432666666667,-71.10030666666667,39.0,326967.3940133572,4689033.552335892,19,T
1666454386.9149642,0,57587,0,GPS1_FRAME,42.334338333333335,-71.10032166666667,39.5,326966.1901908745,4689034.878353212,19,T
1666454387.9156988,0,57588,0,GPS1_FRAME,42.334363333333336,-71.10033833333334,40.1,326964.88562350825,4689037.688327614,19,T
1666454388.9140046,0,57589,0,GPS1_FRAME,42.33439666666666,-71.10034333333333,40.8,326964.5651038923,4689041.399915517,19,T
1666454389.9145334,0,57590,0,GPS1_FRAME,42.334435,-71.10033166666666,42.3,326965.63142771873,4689045.632801103,19,T
1666454390.9149377,0,57591,0,GPS1_FRAME,42.33448333333333,-71.100305,42.9,326967.9609921403,4689050.94558836,19,T
1666454391.9144766,0,57592,0,GPS1_FRAME,42.334538333333334,-71.10026666666667,43.1,326971.2700261392,4689056.974919732,19,T
1666454392.9154234,0,57593,0,GPS1_FRAME,42.3346,-71.100225,42.9,326974.8719630833,4689063.737752766,19,T
1666454393.9145467,0,57594,0,GPS1_FRAME,42.334666666666664,-71.10018,42.7,326978.7622304815,4689071.0490171965,19,T
1666454394.9143875,0,57595,0,GPS1_FRAME,42.33473333333333,-71.100135,42.3,326982.65249026206,4689078.360283626,19,T
1666454395.9164095,0,57596,0,GPS1_FRAME,42.334805,-71.10009,42.0,326986.5564538557,4689086.226764118,19,T
1666454396.9151819,0,57597,0,GPS1_FRAME,42.33488,-71.10004,42.4,326990.8814861124,4689094.453215103,19,T
1666454397.915714,0,57598,0,GPS1_FRAME,42.334955,-71.09999,42.4,326995.2065088551,4689102.679668557,19,T
1666454398.915721,0,57599,0,GPS1_FRAME,42.33503,-71.09994,42.2,326999.5315220775,4689110.90612448,19,T
1666454399.9149418,0,57600,0,GPS1_FRAME,42.33510666666667,-71.09989333333333,40.4,327003.5864727991,4689119.324435013,19,T
1666454400.914229,0,57601,0,GPS1_FRAME,42.335181666666664,-71.09984666666666,38.6,327007.63684448536,4689127.55767701,19,T
1666454401.9157856,0,57602,0,GPS1_FRAME,42.335251666666665,-71.0998,37.1,327011.6734976559,4689135.235709078,19,T
1666454402.9162474,0,57603,0,GPS1_FRAME,42.335316666666664,-71.09975666666666,36.5,327015.4218110306,4689142.365312208,19,T
1666454403.9145255,0,57604,0,GPS1_FRAME,42.33537333333334,-71.099715,36.0,327019.0099577781,4689148.572954133,19,T
1666454404.915576,0,57605,0,GPS1_FRAME,42.335425,-71.09967833333333,36.1,327022.17245714937,4689154.235556797,19,T
1666454405.913617,0,57606,0,GPS1_FRAME,42.33546833333333,-71.09964666666667,36.0,327024.9001716984,4689158.9829782555,19,T
1666454406.9153795,0,57607,0,GPS1_FRAME,42.33550666666667,-71.09961833333334,36.4,327027.339552936,4689163.181969158,19,T
1666454407.9152906,0,57608,0,GPS1_FRAME,42.335543333333334,-71.09959666666667,36.6,327029.2251196647,4689167.209451131,19,T
1666454408.9148862,0,57609,0,GPS1_FRAME,42.33558166666667,-71.099585,37.1,327030.29139087733,4689171.442345624,19,T
1666454409.914815,0,57610,0,GPS1_FRAME,42.33562166666667,-71.09959333333333,37.6,327029.7145056016,4689175.900993739,19,T
1666454410.913995,0,57611,0,GPS1_FRAME,42.33565333333333,-71.09962666666667,37.1,327027.05511884624,4689179.485142632,19,T
1666454411.916639,0,57612,0,GPS1_FRAME,42.335685,-71.09968333333333,37.6,327022.4733911961,4689183.1167578725,19,T
1666454412.9151368,0,57613,0,GPS1_FRAME,42.335708333333336,-71.09974666666666,36.9,327017.31957844587,4689185.836584682,19,T
1666454413.9154181,0,57614,0,GPS1_FRAME,42.335728333333336,-71.099805,36.1,327012.5685601812,4689188.176102203,19,T
1666454414.9177668,0,57615,0,GPS1_FRAME,42.33574333333333,-71.09985166666667,35.4,327008.7650057463,4689189.936676186,19,T
1666454415.9159107,0,57616,0,GPS1_FRAME,42.33575166666667,-71.09988,34.5,327006.45358389843,4689190.919671453,19,T
1666454416.9200985,0,57617,0,GPS1_FRAME,42.33575333333334,-71.09989,34.0,327005.6342932989,4689191.125086484,19,T
1666454417.9227543,0,57618,0,GPS1_FRAME,42.33575333333334,-71.09989166666666,34.0,327005.4969831803,4689191.128477213,19,T
1666454418.9219005,0,57619,0,GPS1_FRAME,42.33575333333334,-71.099895,33.6,327005.22236294526,4689191.135258679,19,T
1666454419.9161317,0,57620,0,GPS1_FRAME,42.33575333333334,-71.09989833333333,33.3,327004.9477427101,4689191.142040156,19,T
1666454420.9212852,0,57621,0,GPS1_FRAME,42.33575333333334,-71.09989833333333,33.3,327004.9477427101,4689191.142040156,19,T
1666454421.9206982,0,57622,0,GPS1_FRAME,42.33575333333334,-71.09989833333333,33.3,327004.9477427101,4689191.142040156,19,T
1666454422.9205992,0,57623,0,GPS1_FRAME,42.33575333333334,-71.09989833333333,33.3,327004.9477427101,4689191.142040156,19,T
1666454423.9221096,0,57624,0,GPS1_FRAME,42.33575333333334,-71.09989833333333,33.3,327004.9477427101,4689191.142040156,19,T
1666454424.9216576,0,57625,0,GPS1_FRAME,42.33575333333334,-71.09989833333333,33.3,327004.9477427101,4689191.142040156,19,T
1666454425.915467,0,57626,0,GPS1_FRAME,42.33575333333334,-71.09989833333333,33.3,327004.9477427101,4689191.142040156,19,T
1666454426.9155416,0,57627,0,GPS1_FRAME,42.33575333333334,-71.09989833333333,33.3,327004.9477427101,4689191.142040156,19,T
1666454427.9163334,0,57628,0,GPS1_FRAME,42.33575333333334,-71.09989833333333,33.3,327004.9477427101,4689191.142040156,19,T
1666454428.9206908,0,57629,0,GPS1_FRAME,42.33575333333334,-71.09989833333333,33.3,327004.9477427101,4689191.142040156,19,T
1666454429.9208593,0,57630,0,GPS1_FRAME,42.33575333333334,-71.09989833333333,33.3,327004.9477427101,4689191.142040156,19,T
1666454430.9215617,0,57631,0,GPS1_FRAME,42.33575333333334,-71.09989833333333,33.3,327004.9477427101,4689191.142040156,19,T
1666454431.9205484,0,57632,0,GPS1_FRAME,42.33575333333334,-71.09989833333333,33.3,327004.9477427101,4689191.142040156,19,T
1666454432.9150126,0,57633,0,GPS1_FRAME,42.33575333333334,-71.09989833333333,33.3,327004.9477427101,4689191.142040156,19,T
1666454433.914727,0,57634,0,GPS1_FRAME,42.33575333333334,-71.09989833333333,33.3,327004.9477427101,4689191.142040156,19,T
1666454434.9212177,0,57635,0,GPS1_FRAME,42.33575166666667,-71.09989833333333,33.3,327004.943172567,4689190.956969443,19,T
1666454435.9223876,0,57636,0,GPS1_FRAME,42.33575166666667,-71.09989833333333,33.3,327004.943172567,4689190.956969443,19,T
1666454436.9201956,0,57637,0,GPS1_FRAME,42.33575166666667,-71.09989833333333,33.3,327004.943172567,4689190.956969443,19,T
1666454437.9201758,0,57638,0,GPS1_FRAME,42.33575166666667,-71.09989833333333,33.3,327004.943172567,4689190.956969443,19,T
1666454438.9203832,0,57639,0,GPS1_FRAME,42.33575166666667,-71.09989833333333,33.3,327004.943172567,4689190.956969443,19,T
1666454439.9206476,0,57640,0,GPS1_FRAME,42.33575166666667,-71.09989833333333,33.3,327004.943172567,4689190.956969443,19,T
1666454440.9204226,0,57641,0,GPS1_FRAME,42.33575166666667,-71.09989833333333,33.3,327004.943172567,4689190.956969443,19,T
1666454441.9205143,0,57642,0,GPS1_FRAME,42.33575166666667,-71.09989166666666,33.1,327005.4924130517,4689190.9434065,19,T
1666454442.9211953,0,57643,0,GPS1_FRAME,42.33575166666667,-71.09989166666666,33.1,327005.4924130517,4689190.9434065,19,T
1666454443.9154127,0,57644,0,GPS1_FRAME,42.33575166666667,-71.09989166666666,33.1,327005.4924130517,4689190.9434065,19,T
1666454444.920034,0,57645,0,GPS1_FRAME,42.33575166666667,-71.09989166666666,33.1,327005.4924130517,4689190.9434065,19,T
1666454445.9161005,0,57646,0,GPS1_FRAME,42.33575166666667,-71.09989166666666,33.1,327005.4924130517,4689190.9434065,19,T
1666454446.9213967,0,57647,0,GPS1_FRAME,42.33575166666667,-71.09989166666666,33.1,327005.4924130517,4689190.9434065,19,T
1666454447.921486,0,57648,0,GPS1_FRAME,42.33575,-71.09988666666666,32.9,327005.89977329655,4689190.748163607,19,T
1666454448.922202,0,57649,0,GPS1_FRAME,42.33575,-71.09988666666666,32.9,327005.89977329655,4689190.748163607,19,T
1666454449.9207609,0,57650,0,GPS1_FRAME,42.33575,-71.09988666666666,32.9,327005.89977329655,4689190.748163607,19,T
1666454450.9210699,0,57651,0,GPS1_FRAME,42.33575,-71.09988666666666,32.9,327005.89977329655,4689190.748163607,19,T
1666454451.9161952,0,57652,0,GPS1_FRAME,42.33575,-71.09988666666666,32.9,327005.89977329655,4689190.748163607,19,T
1666454452.920168,0,57653,0,GPS1_FRAME,42.33575,-71.09988666666666,32.9,327005.89977329655,4689190.748163607,19,T
1666454453.920867,0,57654,0,GPS1_FRAME,42.33575,-71.09988666666666,32.9,327005.89977329655,4689190.748163607,19,T
1666454454.9206178,0,57655,0,GPS1_FRAME,42.33575,-71.09988666666666,32.9,327005.89977329655,4689190.748163607,19,T
1666454455.92066,0,57656,0,GPS1_FRAME,42.33575,-71.09988666666666,32.9,327005.89977329655,4689190.748163607,19,T
1666454456.919789,0,57657,0,GPS1_FRAME,42.33575,-71.09988666666666,32.9,327005.89977329655,4689190.748163607,19,T
1666454457.9200032,0,57658,0,GPS1_FRAME,42.33575,-71.09988666666666,32.9,327005.89977329655,4689190.748163607,19,T
1666454458.920513,0,57659,0,GPS1_FRAME,42.33575,-71.09988666666666,32.9,327005.89977329655,4689190.748163607,19,T
1666454459.9213524,0,57660,0,GPS1_FRAME,42.33575,-71.09988666666666,32.9,327005.89977329655,4689190.748163607,19,T
1666454460.9198022,0,57661,0,GPS1_FRAME,42.33575,-71.09988666666666,33.0,327005.89977329655,4689190.748163607,19,T
1666454461.9144816,0,57662,0,GPS1_FRAME,42.33575,-71.09988666666666,33.0,327005.89977329655,4689190.748163607,19,T
1666454462.9209666,0,57663,0,GPS1_FRAME,42.33575,-71.09988666666666,33.0,327005.89977329655,4689190.748163607,19,T
1666454463.9203017,0,57664,0,GPS1_FRAME,42.335748333333335,-71.09988666666666,33.0,327005.8952031791,4689190.563092895,19,T
1666454464.9201384,0,57665,0,GPS1_FRAME,42.335748333333335,-71.09988666666666,33.0,327005.8952031791,4689190.563092895,19,T
1666454465.9213438,0,57666,0,GPS1_FRAME,42.335748333333335,-71.09988666666666,33.0,327005.8952031791,4689190.563092895,19,T
1666454466.9204338,0,57667,0,GPS1_FRAME,42.335748333333335,-71.09988666666666,33.0,327005.8952031791,4689190.563092895,19,T
1666454467.920645,0,57668,0,GPS1_FRAME,42.335748333333335,-71.09988666666666,33.0,327005.8952031791,4689190.563092895,19,T
1666454468.919361,0,57669,0,GPS1_FRAME,42.335748333333335,-71.09988666666666,33.0,327005.8952031791,4689190.563092895,19,T
1666454469.9194996,0,57670,0,GPS1_FRAME,42.335748333333335,-71.09988666666666,33.0,327005.8952031791,4689190.563092895,19,T
1666454470.9196823,0,57671,0,GPS1_FRAME,42.335746666666665,-71.09988666666666,32.1,327005.8906330618,4689190.378022184,19,T
1666454471.9213355,0,57672,0,GPS1_FRAME,42.33575,-71.09989166666666,31.3,327005.48784292326,4689190.758335787,19,T
1666454472.9147558,0,57673,0,GPS1_FRAME,42.33575833333333,-71.09991,30.7,327004.00028239633,4689191.720987548,19,T
1666454473.9199271,0,57674,0,GPS1_FRAME,42.33577666666667,-71.099935,30.2,327001.9909032638,4689193.807627102,19,T
1666454474.9205089,0,57675,0,GPS1_FRAME,42.3358,-71.09996,29.7,326999.9952361864,4689196.449479416,19,T
1666454475.913664,0,57676,0,GPS1_FRAME,42.33583,-71.09997833333334,29.1,326998.56709181867,4689199.818051707,19,T
1666454476.918591,0,57677,0,GPS1_FRAME,42.33586,-71.099975,29.0,326998.92397745285,4689203.142542859,19,T
1666454477.9195185,0,57678,0,GPS1_FRAME,42.33589166666667,-71.09994666666667,28.8,327001.34508043376,4689206.601242133,19,T
1666454478.9210987,0,57679,0,GPS1_FRAME,42.335926666666666,-71.09988666666666,28.7,327006.3842065765,4689210.3656593785,19,T
1666454479.9202275,0,57680,0,GPS1_FRAME,42.335966666666664,-71.09981,28.6,327012.8101338147,4689214.651386118,19,T
1666454480.9142797,0,57681,0,GPS1_FRAME,42.33600666666667,-71.09972333333333,28.5,327020.0599104746,4689218.916775728,19,T
1666454481.9134912,0,57682,0,GPS1_FRAME,42.33604666666667,-71.09963333333333,28.3,327027.5842970717,4689223.175391966,19,T
1666454482.9204319,0,57683,0,GPS1_FRAME,42.336083333333335,-71.09954333333333,28.2,327035.0995355033,4689227.0638746,19,T
1666454483.9201088,0,57684,0,GPS1_FRAME,42.33611666666667,-71.09945833333333,28.1,327042.19369896094,4689230.592393724,19,T
1666454484.9191484,0,57685,0,GPS1_FRAME,42.336146666666664,-71.09938333333334,28.0,327048.4548614294,4689233.771117832,19,T
1666454485.9200432,0,57686,0,GPS1_FRAME,42.336171666666665,-71.09932,27.8,327053.7411469378,4689236.418363838,19,T
1666454486.9153216,0,57687,0,GPS1_FRAME,42.336191666666664,-71.09926666666667,27.7,327058.1898670298,4689238.530739872,19,T
1666454487.9206834,0,57688,0,GPS1_FRAME,42.33620666666667,-71.09922666666667,27.5,327061.52640527225,4689240.115023703,19,T
1666454488.92025,0,57689,0,GPS1_FRAME,42.336216666666665,-71.0992,27.3,327063.7507632299,4689241.171213782,19,T
1666454489.9207215,0,57690,0,GPS1_FRAME,42.336223333333336,-71.09918,27.2,327065.416746933,4689241.870821436,19,T
1666454490.9205775,0,57691,0,GPS1_FRAME,42.33623166666667,-71.09915833333334,27.1,327067.2246079352,4689242.752110641,19,T
1666454491.9154675,0,57692,0,GPS1_FRAME,42.336243333333336,-71.09912333333334,26.9,327070.1400778658,4689243.9764257,19,T
1666454492.919847,0,57693,0,GPS1_FRAME,42.33626,-71.09907666666666,26.8,327074.03041504696,4689245.732228096,19,T
1666454493.914432,0,57694,0,GPS1_FRAME,42.33627833333333,-71.09902,26.6,327078.7491722959,4689247.652767304,19,T
1666454494.9202564,0,57695,0,GPS1_FRAME,42.33629833333333,-71.09896333333333,26.5,327083.47249498486,4689249.758380335,19,T
1666454495.922054,0,57696,0,GPS1_FRAME,42.33631666666667,-71.09890833333333,26.4,327088.05393780256,4689251.682314903,19,T
1666454496.9203415,0,57697,0,GPS1_FRAME,42.336335,-71.098855,26.3,327092.49806914415,4689253.609641453,19,T
1666454497.9199102,0,57698,0,GPS1_FRAME,42.336351666666665,-71.09880666666666,26.1,327096.5257037103,4689255.362066977,19,T
1666454498.9204676,0,57699,0,GPS1_FRAME,42.33636833333333,-71.09876333333334,26.0,327100.14140987175,4689257.12466149,19,T
1666454499.9213493,0,57700,0,GPS1_FRAME,42.33638333333333,-71.09872,25.9,327103.7525465187,4689258.7021870995,19,T
1666454500.91992,0,57701,0,GPS1_FRAME,42.336398333333335,-71.09867666666666,25.7,327107.3636814667,4689260.279714528,19,T
1666454501.9206743,0,57702,0,GPS1_FRAME,42.336415,-71.09862666666666,25.5,327111.528616828,4689262.028759695,19,T
1666454502.9209304,0,57703,0,GPS1_FRAME,42.336435,-71.09857,25.4,327116.25191914244,4689264.134394283,19,T
1666454503.9205153,0,57704,0,GPS1_FRAME,42.33646,-71.09850333333333,25.2,327121.81277146435,4689266.774913116,19,T
1666454504.919932,0,57705,0,GPS1_FRAME,42.336488333333335,-71.09843,25.1,327127.93198750145,4689269.772024154,19,T
1666454505.9188428,0,57706,0,GPS1_FRAME,42.33652,-71.09835333333334,24.5,327134.3349486954,4689273.132505315,19,T
1666454506.9194162,0,57707,0,GPS1_FRAME,42.336555,-71.09827333333334,24.0,327141.0216536409,4689276.856357346,19,T
1666454507.9202585,0,57708,0,GPS1_FRAME,42.33659,-71.09818833333334,23.5,327148.1202761403,4689280.570051594,19,T
1666454508.9200606,0,57709,0,GPS1_FRAME,42.33663,-71.0981,23.1,327155.5072062097,4689284.832189284,19,T
1666454509.9144938,0,57710,0,GPS1_FRAME,42.33667,-71.09800666666666,22.7,327163.306051397,4689289.084171431,19,T
1666454510.9203677,0,57711,0,GPS1_FRAME,42.336713333333336,-71.09790833333334,22.4,327171.52594270196,4689293.696140818,19,T
1666454511.9139113,0,57712,0,GPS1_FRAME,42.336756666666666,-71.09781,22.1,327179.74582291814,4689298.308119559,19,T
1666454512.9144344,0,57713,0,GPS1_FRAME,42.336798333333334,-71.09771166666667,21.9,327187.96112657624,4689302.735036934,19,T
1666454513.9205246,0,57714,0,GPS1_FRAME,42.33684,-71.09761333333333,21.6,327196.17641956225,4689307.16196366,19,T
1666454514.9182165,0,57715,0,GPS1_FRAME,42.33688,-71.09751666666666,21.4,327204.2498291901,4689311.407215924,19,T
1666454515.9205859,0,57716,0,GPS1_FRAME,42.33692166666667,-71.09741666666666,21.2,327212.6024086976,4689315.830774452,19,T
1666454516.915518,0,57717,0,GPS1_FRAME,42.33696333333334,-71.097315,21.0,327221.092284811,4689320.250956072,19,T
1666454517.9194748,0,57718,0,GPS1_FRAME,42.33700666666667,-71.09721,20.8,327229.86132902605,4689324.84944558,19,T
1666454518.9199576,0,57719,0,GPS1_FRAME,42.33705166666667,-71.0971,20.7,327239.0468473588,4689329.62285776,19,T
1666454519.9183435,0,57720,0,GPS1_FRAME,42.33709666666667,-71.09698833333333,20.6,327248.3696599634,4689334.392895589,19,T
1666454520.9111404,0,57721,0,GPS1_FRAME,42.33714166666667,-71.09687833333334,20.5,327257.5551524091,4689339.166331353,19,T
1666454521.9213154,0,57722,0,GPS1_FRAME,42.337185,-71.09676833333333,20.4,327266.7360685103,4689343.754708102,19,T
1666454522.9173408,0,57723,0,GPS1_FRAME,42.337226666666666,-71.09666166666666,20.3,327275.63779521256,4689348.16479688,19,T
1666454523.9197042,0,57724,0,GPS1_FRAME,42.337265,-71.09655666666667,20.2,327284.39307754755,4689352.208140586,19,T
1666454524.9169073,0,57725,0,GPS1_FRAME,42.3373,-71.09645333333333,20.1,327293.00191712484,4689355.884738707,19,T
1666454525.9208827,0,57726,0,GPS1_FRAME,42.337331666666664,-71.09635666666667,20.1,327301.05239555606,4689359.204745835,19,T
1666454526.9178495,0,57727,0,GPS1_FRAME,42.337356666666665,-71.09627333333333,20.0,327307.986163802,4689361.811558247,19,T
1666454527.9201338,0,57728,0,GPS1_FRAME,42.337378333333334,-71.09620666666666,20.0,327313.5377367219,4689364.082083728,19,T
1666454528.9191933,0,57729,0,GPS1_FRAME,42.33739333333333,-71.09615666666667,20.0,327317.69799232966,4689365.646177623,19,T
1666454529.914079,0,57730,0,GPS1_FRAME,42.337403333333334,-71.09612166666666,19.9,327320.6088014727,4689366.685523574,19,T
1666454530.9194484,0,57731,0,GPS1_FRAME,42.33741,-71.096095,19.8,327322.82395334425,4689367.371652305,19,T
1666454531.9213755,0,57732,0,GPS1_FRAME,42.337415,-71.09608,19.8,327324.07339754875,4689367.896403054,19,T
1666454532.9197307,0,57733,0,GPS1_FRAME,42.33741666666667,-71.09607166666666,19.7,327324.7644918297,4689368.0645508645,19,T
1666454533.9143217,0,57734,0,GPS1_FRAME,42.33741833333333,-71.09607,19.8,327324.9063602402,4689368.246237008,19,T
1666454534.9203036,0,57735,0,GPS1_FRAME,42.33741833333333,-71.09607,19.9,327324.9063602402,4689368.246237008,19,T
1666454535.9206133,0,57736,0,GPS1_FRAME,42.33741833333333,-71.09607,19.9,327324.9063602402,4689368.246237008,19,T
1666454536.9212563,0,57737,0,GPS1_FRAME,42.33741833333333,-71.09607,20.0,327324.9063602402,4689368.246237008,19,T
1666454537.9217458,0,57738,0,GPS1_FRAME,42.33742,-71.09607,20.0,327324.91092218977,4689368.431307725,19,T
1666454538.920931,0,57739,0,GPS1_FRAME,42.33742,-71.09607,20.0,327324.91092218977,4689368.431307725,19,T
1666454539.921023,0,57740,0,GPS1_FRAME,42.33742,-71.09607,20.1,327324.91092218977,4689368.431307725,19,T
1666454540.915102,0,57741,0,GPS1_FRAME,42.33742,-71.09607,20.1,327324.91092218977,4689368.431307725,19,T
1666454541.9153218,0,57742,0,GPS1_FRAME,42.33742,-71.09607,20.2,327324.91092218977,4689368.431307725,19,T
1666454542.9215426,0,57743,0,GPS1_FRAME,42.33742,-71.09607,20.2,327324.91092218977,4689368.431307725,19,T
1666454543.9217124,0,57744,0,GPS1_FRAME,42.33742,-71.09607,20.2,327324.91092218977,4689368.431307725,19,T
1666454544.9201956,0,57745,0,GPS1_FRAME,42.337421666666664,-71.09607,20.3,327324.9154841394,4689368.6163784405,19,T
1666454545.9201765,0,57746,0,GPS1_FRAME,42.337421666666664,-71.09607,20.3,327324.9154841394,4689368.6163784405,19,T
1666454546.9209166,0,57747,0,GPS1_FRAME,42.337421666666664,-71.09607,20.3,327324.9154841394,4689368.6163784405,19,T
1666454547.9149563,0,57748,0,GPS1_FRAME,42.337421666666664,-71.09607,20.3,327324.9154841394,4689368.6163784405,19,T
1666454548.9200153,0,57749,0,GPS1_FRAME,42.337421666666664,-71.09607,20.4,327324.9154841394,4689368.6163784405,19,T
1666454549.9219744,0,57750,0,GPS1_FRAME,42.337421666666664,-71.09607,20.4,327324.9154841394,4689368.6163784405,19,T
1666454550.9201763,0,57751,0,GPS1_FRAME,42.337421666666664,-71.09607,20.4,327324.9154841394,4689368.6163784405,19,T
1666454551.92058,0,57752,0,GPS1_FRAME,42.337421666666664,-71.09607166666666,20.5,327324.7781776892,4689368.619763014,19,T
1666454552.9215093,0,57753,0,GPS1_FRAME,42.337423333333334,-71.09607166666666,20.5,327324.78273964266,4689368.804833732,19,T
1666454553.919992,0,57754,0,GPS1_FRAME,42.337423333333334,-71.09607166666666,20.5,327324.78273964266,4689368.804833732,19,T
1666454554.9201472,0,57755,0,GPS1_FRAME,42.337423333333334,-71.09607166666666,20.6,327324.78273964266,4689368.804833732,19,T
1666454555.9213855,0,57756,0,GPS1_FRAME,42.337423333333334,-71.09607166666666,20.6,327324.78273964266,4689368.804833732,19,T
1666454556.9198682,0,57757,0,GPS1_FRAME,42.337423333333334,-71.09607166666666,20.6,327324.78273964266,4689368.804833732,19,T
1666454557.914617,0,57758,0,GPS1_FRAME,42.337423333333334,-71.09607166666666,20.6,327324.78273964266,4689368.804833732,19,T
1666454558.920045,0,57759,0,GPS1_FRAME,42.337423333333334,-71.09607166666666,20.7,327324.78273964266,4689368.804833732,19,T
1666454559.9200299,0,57760,0,GPS1_FRAME,42.337423333333334,-71.09607166666666,20.7,327324.78273964266,4689368.804833732,19,T
1666454560.9201183,0,57761,0,GPS1_FRAME,42.337423333333334,-71.09607166666666,20.7,327324.78273964266,4689368.804833732,19,T
1666454561.9205754,0,57762,0,GPS1_FRAME,42.337423333333334,-71.09607166666666,20.7,327324.78273964266,4689368.804833732,19,T
1666454562.9200208,0,57763,0,GPS1_FRAME,42.337425,-71.09607166666666,20.8,327324.78730159625,4689368.989904448,19,T
1666454563.9148374,0,57764,0,GPS1_FRAME,42.337425,-71.09607166666666,20.8,327324.78730159625,4689368.989904448,19,T
1666454564.91986,0,57765,0,GPS1_FRAME,42.337425,-71.09607166666666,20.8,327324.78730159625,4689368.989904448,19,T
1666454565.920269,0,57766,0,GPS1_FRAME,42.337425,-71.09607166666666,20.8,327324.78730159625,4689368.989904448,19,T
1666454566.9208841,0,57767,0,GPS1_FRAME,42.337425,-71.09607166666666,20.8,327324.78730159625,4689368.989904448,19,T
1666454567.9219074,0,57768,0,GPS1_FRAME,42.337425,-71.09607166666666,20.9,327324.78730159625,4689368.989904448,19,T
1666454568.920326,0,57769,0,GPS1_FRAME,42.337425,-71.09607166666666,20.9,327324.78730159625,4689368.989904448,19,T
1666454569.9197953,0,57770,0,GPS1_FRAME,42.337425,-71.09607166666666,20.9,327324.78730159625,4689368.989904448,19,T
1666454570.9196079,0,57771,0,GPS1_FRAME,42.337426666666666,-71.09607166666666,20.9,327324.79186355,4689369.174975165,19,T
1666454571.9146621,0,57772,0,GPS1_FRAME,42.33743,-71.09606,20.8,327325.7621324862,4689369.521424643,19,T
1666454572.919708,0,57773,0,GPS1_FRAME,42.33743666666667,-71.09603333333334,20.7,327327.9772828921,4689370.2075549625,19,T
1666454573.9204476,0,57774,0,GPS1_FRAME,42.33745,-71.09599166666666,20.7,327331.44643758936,4689371.603508717,19,T
1666454574.919271,0,57775,0,GPS1_FRAME,42.337468333333334,-71.09593833333334,20.7,327335.8904203482,4689373.53098572,19,T
1666454575.9198675,0,57776,0,GPS1_FRAME,42.33749,-71.095875,20.8,327341.1673614624,4689375.808301315,19,T
1666454576.9198554,0,57777,0,GPS1_FRAME,42.337515,-71.09580333333334,20.9,327347.1399530136,4689378.438841478,19,T
1666454577.918785,0,57778,0,GPS1_FRAME,42.337545,-71.09572666666666,20.7,327353.53814209637,4689381.614446691,19,T
1666454578.9190927,0,57779,0,GPS1_FRAME,42.33757833333333,-71.09564333333333,20.6,327360.49467170483,4689385.1466634665,19,T
1666454579.919957,0,57780,0,GPS1_FRAME,42.337615,-71.09555666666667,20.7,327367.7349278402,4689389.042260895,19,T
1666454580.919327,0,57781,0,GPS1_FRAME,42.337653333333336,-71.09546833333333,20.7,327375.1170423026,4689393.119552703,19,T
1666454581.919892,0,57782,0,GPS1_FRAME,42.337691666666665,-71.095375,20.7,327382.9110655243,4689397.18670169,19,T
1666454582.9205718,0,57783,0,GPS1_FRAME,42.33773166666667,-71.09527666666666,20.6,327391.1215569933,4689401.42877993,19,T
1666454583.913073,0,57784,0,GPS1_FRAME,42.33777166666667,-71.09518,20.5,327399.1947325352,4689405.674250657,19,T
1666454584.9179597,0,57785,0,GPS1_FRAME,42.33781,-71.095085,20.4,327407.1260325738,4689409.738042687,19,T
1666454585.9218938,0,57786,0,GPS1_FRAME,42.337846666666664,-71.09499333333333,20.3,327414.77815245744,4689413.623538397,19,T
1666454586.9178073,0,57787,0,GPS1_FRAME,42.33788333333333,-71.09490333333333,20.4,327422.2929581484,4689417.512424923,19,T
1666454587.9183676,0,57788,0,GPS1_FRAME,42.33792,-71.09481666666667,20.4,327429.5331445323,4689421.408084382,19,T
1666454588.9124448,0,57789,0,GPS1_FRAME,42.33795333333333,-71.09473166666666,20.4,327436.6268992066,4689424.936992085,19,T
1666454589.919449,0,57790,0,GPS1_FRAME,42.337988333333335,-71.09464666666666,20.8,327443.72520539496,4689428.650977492,19,T
1666454590.9179962,0,57791,0,GPS1_FRAME,42.338025,-71.094565,21.0,327450.5534523023,4689432.556804893,19,T
1666454591.919006,0,57792,0,GPS1_FRAME,42.338058333333336,-71.09448166666667,21.0,327457.5098793728,4689436.089115296,19,T
1666454592.918165,0,57793,0,GPS1_FRAME,42.338095,-71.09439333333333,21.0,327464.8873308472,4689439.981428228,19,T
1666454593.9168394,0,57794,0,GPS1_FRAME,42.338135,-71.09430166666667,21.0,327472.5484999875,4689444.237126695,19,T
1666454594.9195166,0,57795,0,GPS1_FRAME,42.33817833333333,-71.094205,21.1,327480.63068987126,4689448.852830013,19,T
1666454595.9132931,0,57796,0,GPS1_FRAME,42.33822333333333,-71.094105,21.1,327488.99203598185,4689453.646850273,19,T
1666454596.9178228,0,57797,0,GPS1_FRAME,42.33826666666667,-71.09400333333333,21.2,327497.48611745186,4689458.252428246,19,T
1666454597.9189641,0,57798,0,GPS1_FRAME,42.33831,-71.09390333333333,21.3,327505.8428829529,4689462.861397293,19,T
1666454598.9186952,0,57799,0,GPS1_FRAME,42.33835333333333,-71.09380333333333,21.4,327514.1996371743,4689467.470376015,19,T
1666454599.9189954,0,57800,0,GPS1_FRAME,42.338391666666666,-71.09370666666666,21.3,327522.268100844,4689471.530913771,19,T
1666454600.9189115,0,57801,0,GPS1_FRAME,42.33842833333333,-71.09361,21.5,327530.33199817815,4689475.406389851,19,T
1666454601.9165845,0,57802,0,GPS1_FRAME,42.338465,-71.09351833333334,21.5,327537.9839737981,4689479.292016333,19,T
1666454602.919113,0,57803,0,GPS1_FRAME,42.338501666666666,-71.09342833333334,21.4,327545.4986365846,4689483.181031255,19,T
1666454603.9195664,0,57804,0,GPS1_FRAME,42.338535,-71.09333833333334,21.5,327553.0041785814,4689486.699912574,19,T
1666454604.9185345,0,57805,0,GPS1_FRAME,42.338568333333335,-71.09325333333334,21.4,327560.0978009652,4689490.228941814,19,T
1666454605.9171333,0,57806,0,GPS1_FRAME,42.33860166666667,-71.09317,21.3,327567.0541121068,4689493.761357933,19,T
1666454606.9138794,0,57807,0,GPS1_FRAME,42.338633333333334,-71.09308833333333,21.2,327573.8685566678,4689497.112089818,19,T
1666454607.9185827,0,57808,0,GPS1_FRAME,42.338665,-71.09301,21.0,327580.4083870533,4689500.469587429,19,T
1666454608.9193125,0,57809,0,GPS1_FRAME,42.338695,-71.09293166666667,20.9,327586.94365575153,4689503.642020254,19,T
1666454609.9200144,0,57810,0,GPS1_FRAME,42.338726666666666,-71.09285166666666,20.7,327593.620776962,4689506.996150347,19,T
1666454610.9198604,0,57811,0,GPS1_FRAME,42.33875833333333,-71.09276666666666,20.6,327600.709802105,4689510.340148876,19,T
1666454611.9129453,0,57812,0,GPS1_FRAME,42.338791666666665,-71.092675,20.5,327608.35258867,4689513.855708693,19,T
1666454612.9178927,0,57813,0,GPS1_FRAME,42.338825,-71.09258166666666,20.5,327616.13267062546,4689517.367897687,19,T
1666454613.9189413,0,57814,0,GPS1_FRAME,42.33886,-71.092485,20.5,327624.19190531364,4689521.05840823,19,T
1666454614.9178576,0,57815,0,GPS1_FRAME,42.33889166666667,-71.09239666666667,20.5,327631.5555069663,4689524.395679597,19,T
1666454615.9200907,0,57816,0,GPS1_FRAME,42.338921666666664,-71.09231333333334,20.4,327638.5026379781,4689527.55802333,19,T
1666454616.9179506,0,57817,0,GPS1_FRAME,42.33895166666667,-71.09223166666666,20.3,327645.3124593839,4689530.723752164,19,T
1666454617.917706,0,57818,0,GPS1_FRAME,42.33898666666666,-71.09215166666667,20.4,327651.9986320289,4689534.448077854,19,T
1666454618.9175498,0,57819,0,GPS1_FRAME,42.33902166666667,-71.09206833333333,20.4,327658.95940324897,4689538.165653487,19,T
1666454619.9132745,0,57820,0,GPS1_FRAME,42.339056666666664,-71.091985,20.4,327665.9201668739,4689541.883235837,19,T
1666454620.9177864,0,57821,0,GPS1_FRAME,42.33909666666667,-71.0919,20.4,327673.03188471845,4689546.152659202,19,T
1666454621.9178863,0,57822,0,GPS1_FRAME,42.339133333333336,-71.09181166666667,20.4,327680.409093434,4689550.045192701,19,T
1666454622.91776,0,57823,0,GPS1_FRAME,42.33917,-71.09172166666667,20.4,327687.9235963214,4689553.934356184,19,T
1666454623.9176736,0,57824,0,GPS1_FRAME,42.33920833333333,-71.09162833333333,20.4,327695.7172480951,4689558.001843386,19,T
1666454624.9182496,0,57825,0,GPS1_FRAME,42.33924666666667,-71.09153,20.4,327703.92279785726,4689562.059207241,19,T
1666454625.9189677,0,57826,0,GPS1_FRAME,42.339286666666666,-71.09143,20.4,327712.27019215527,4689566.298274073,19,T
1666454626.916409,0,57827,0,GPS1_FRAME,42.339325,-71.09133333333334,20.4,327720.3384197071,4689570.359033726,19,T
1666454627.9197545,0,57828,0,GPS1_FRAME,42.33936166666667,-71.09123833333334,20.3,327728.26478382834,4689574.238108484,19,T
1666454628.91654,0,57829,0,GPS1_FRAME,42.3394,-71.09114333333333,20.4,327736.19569026097,4689578.302262684,19,T
1666454629.9128246,0,57830,0,GPS1_FRAME,42.339435,-71.09104666666667,20.4,327744.2547868531,4689581.992907707,19,T
1666454630.9148152,0,57831,0,GPS1_FRAME,42.339468333333336,-71.09095,20.4,327752.3093236451,4689585.498491049,19,T
1666454631.9141288,0,57832,0,GPS1_FRAME,42.339495,-71.09085666666667,20.3,327760.0710451752,4689588.27055289,19,T
1666454632.913815,0,57833,0,GPS1_FRAME,42.33951833333333,-71.09077333333333,20.3,327766.99984801206,4689590.69273788,19,T
1666454633.9153662,0,57834,0,GPS1_FRAME,42.33953666666667,-71.09071,20.2,327772.26737292716,4689592.600228424,19,T
1666454634.914158,0,57835,0,GPS1_FRAME,42.33954833333333,-71.09066666666666,20.2,327775.86907224415,4689593.807950129,19,T
1666454635.9138894,0,57836,0,GPS1_FRAME,42.339553333333335,-71.090645,20.1,327777.66764624626,4689594.319276303,19,T
1666454636.9152904,0,57837,0,GPS1_FRAME,42.33955666666667,-71.09062833333333,20.0,327779.0497644296,4689594.655659604,19,T
1666454637.9134705,0,57838,0,GPS1_FRAME,42.33956333333333,-71.09060833333334,20.5,327780.71558643924,4689595.3554330645,19,T
1666454638.912758,0,57839,0,GPS1_FRAME,42.33956833333333,-71.09058333333333,21.2,327782.7887630911,4689595.860009003,19,T
1666454639.9188507,0,57840,0,GPS1_FRAME,42.339565,-71.09056,21.6,327784.70188702724,4689595.442607656,19,T
1666454640.9146008,0,57841,0,GPS1_FRAME,42.339555,-71.09053833333333,22.3,327786.4595090768,4689594.288299629,19,T
1666454641.9129949,0,57842,0,GPS1_FRAME,42.339535,-71.09052166666666,22.7,327787.7779260708,4689592.033694644,19,T
1666454642.913059,0,57843,0,GPS1_FRAME,42.33951666666667,-71.090505,24.5,327789.10089396563,4689589.964160656,19,T
1666454643.912869,0,57844,0,GPS1_FRAME,42.339495,-71.09049166666667,25.5,327790.1401589585,4689587.531236669,19,T
1666454644.9126878,0,57845,0,GPS1_FRAME,42.339475,-71.09047666666666,26.5,327791.32127660664,4689585.2800080255,19,T
1666454645.9137254,0,57846,0,GPS1_FRAME,42.33945,-71.09045833333333,27.3,327792.76334930444,4689582.466816422,19,T
1666454646.9128907,0,57847,0,GPS1_FRAME,42.33942166666667,-71.09043833333334,28.2,327794.33362555644,4689579.280108249,19,T
1666454647.9129102,0,57848,0,GPS1_FRAME,42.339393333333334,-71.09042333333333,29.3,327795.49199700635,4689576.103526872,19,T
1666454648.912509,0,57849,0,GPS1_FRAME,42.33936666666666,-71.09041,29.6,327796.51761722635,4689573.115391883,19,T
1666454649.912378,0,57850,0,GPS1_FRAME,42.339345,-71.09040666666667,29.2,327796.7330744044,4689570.702721793,19,T
1666454650.9133992,0,57851,0,GPS1_FRAME,42.339326666666665,-71.090405,28.8,327796.82032908325,4689568.663568573,19,T
1666454651.9137673,0,57852,0,GPS1_FRAME,42.33931,-71.09040333333333,28.4,327796.91213363176,4689566.809486069,19,T
1666454652.9136693,0,57853,0,GPS1_FRAME,42.339295,-71.0904,28.1,327797.14579035225,4689565.137098849,19,T
1666454653.9136338,0,57854,0,GPS1_FRAME,42.33927833333333,-71.09039666666666,27.8,327797.37489746686,4689563.279640937,19,T
1666454654.9159973,0,57855,0,GPS1_FRAME,42.33926,-71.09038833333334,27.6,327798.01136219,4689561.2269861,19,T
1666454655.9129574,0,57856,0,GPS1_FRAME,42.339235,-71.09037666666667,27.6,327798.90423338814,4689558.427297736,19,T
1666454656.91329,0,57857,0,GPS1_FRAME,42.33920833333333,-71.09036333333333,27.5,327799.9298582161,4689555.439163445,19,T
1666454657.9160397,0,57858,0,GPS1_FRAME,42.33917666666667,-71.09035,27.3,327800.94183508144,4689551.895817234,19,T
1666454658.9151974,0,57859,0,GPS1_FRAME,42.33914,-71.09033333333333,27.2,327802.21476959327,4689547.790508475,19,T
1666454659.9128566,0,57860,0,GPS1_FRAME,42.339095,-71.09031,27.1,327804.0141689896,4689542.746345372,19,T
1666454660.91243,0,57861,0,GPS1_FRAME,42.339045,-71.09028666666667,27.0,327805.7999227592,4689537.146970754,19,T
1666454661.9156837,0,57862,0,GPS1_FRAME,42.33899,-71.09025833333334,27.3,327807.98394035525,4689530.982259031,19,T
1666454662.9134276,0,57863,0,GPS1_FRAME,42.33893666666667,-71.09023166666667,28.2,327810.035208439,4689525.005994005,19,T
1666454663.9136474,0,57864,0,GPS1_FRAME,42.338881666666666,-71.09020833333334,28.6,327811.8073246409,4689518.851409264,19,T
1666454664.913279,0,57865,0,GPS1_FRAME,42.33882833333333,-71.09018333333333,29.0,327813.7212969479,4689512.878520737,19,T
1666454665.9134014,0,57866,0,GPS1_FRAME,42.338775,-71.09015833333333,29.4,327815.6352728856,4689506.905632879,19,T
1666454666.9137173,0,57867,0,GPS1_FRAME,42.338723333333334,-71.09013,30.2,327817.8284087188,4689501.1110664075,19,T
1666454667.9155374,0,57868,0,GPS1_FRAME,42.33866833333333,-71.09010166666667,31.4,327820.0124504009,4689494.946359407,19,T
1666454668.9145362,0,57869,0,GPS1_FRAME,42.33861,-71.09007,32.6,327822.4620059632,4689488.404762111,19,T
1666454669.9140294,0,57870,0,GPS1_FRAME,42.33855166666667,-71.09004,33.2,327824.7742625864,4689481.866540707,19,T
1666454670.9158127,0,57871,0,GPS1_FRAME,42.33849333333333,-71.09000666666667,34.5,327827.36113209266,4689475.321570683,19,T
1666454671.913251,0,57872,0,GPS1_FRAME,42.338438333333336,-71.089975,36.3,327829.8198001842,4689469.150117906,19,T
1666454672.9140317,0,57873,0,GPS1_FRAME,42.338385,-71.08994166666666,38.6,327832.420325971,4689463.160362172,19,T
1666454673.9124222,0,57874,0,GPS1_FRAME,42.33833,-71.08991,41.3,327834.87900352187,4689456.988911538,19,T
1666454674.9134774,0,57875,0,GPS1_FRAME,42.33827333333333,-71.08988666666667,43.9,327836.646614525,4689450.649264179,19,T
1666454675.912942,0,57876,0,GPS1_FRAME,42.338211666666666,-71.08984166666667,47.6,327840.18554448173,4689443.710536509,19,T
1666454676.9125037,0,57877,0,GPS1_FRAME,42.338145,-71.08981166666666,49.2,327842.4750934353,4689436.246968968,19,T
1666454677.9109666,0,57878,0,GPS1_FRAME,42.338073333333334,-71.08979,50.2,327844.0644780267,4689428.245062514,19,T
1666454678.9112053,0,57879,0,GPS1_FRAME,42.33800166666666,-71.08977,51.0,327845.51656181127,4689420.246531016,19,T
1666454679.910876,0,57880,0,GPS1_FRAME,42.33793166666667,-71.08976,51.1,327846.1493661109,4689412.453316894,19,T
1666454680.9106991,0,57881,0,GPS1_FRAME,42.337865,-71.089745,51.2,327847.20318523387,4689405.020121207,19,T
1666454681.9115825,0,57882,0,GPS1_FRAME,42.3378,-71.08972666666666,52.0,327848.536166526,4689397.765247832,19,T
1666454682.9220176,0,57883,0,GPS1_FRAME,42.337738333333334,-71.08970666666667,52.9,327850.0155530955,4689390.877141887,19,T
1666454683.9173987,0,57884,0,GPS1_FRAME,42.33768666666667,-71.08969,53.4,327851.24761984055,4689385.106208852,19,T
1666454684.9103935,0,57885,0,GPS1_FRAME,42.33764333333333,-71.08967666666666,53.3,327852.2278173109,4689380.267377872,19,T
1666454685.9100053,0,57886,0,GPS1_FRAME,42.33761,-71.08966666666667,53.1,327852.96069245925,4689376.545719454,19,T
1666454686.910173,0,57887,0,GPS1_FRAME,42.337585,-71.08966,52.5,327853.4416964109,4689373.756162824,19,T
1666454687.911316,0,57888,0,GPS1_FRAME,42.33757166666667,-71.089655,51.2,327853.81723063765,4689372.265475,19,T
1666454688.9097931,0,57889,0,GPS1_FRAME,42.337563333333335,-71.08965166666667,50.2,327854.0691028844,4689371.333373349,19,T
1666454689.9104118,0,57890,0,GPS1_FRAME,42.337558333333334,-71.08964833333333,50.0,327854.3300711495,4689370.771413008,19,T
1666454690.9128428,0,57891,0,GPS1_FRAME,42.337555,-71.08964666666667,49.8,327854.4582813141,4689370.397897518,19,T
1666454691.9136407,0,57892,0,GPS1_FRAME,42.337555,-71.08964666666667,49.2,327854.4582813141,4689370.397897518,19,T
1666454692.9180279,0,57893,0,GPS1_FRAME,42.33755166666667,-71.089645,49.1,327854.58649149386,4689370.024382031,19,T
1666454693.9220324,0,57894,0,GPS1_FRAME,42.33755166666667,-71.08964333333333,49.2,327854.72379761003,4689370.021007843,19,T
1666454694.911777,0,57895,0,GPS1_FRAME,42.33755166666667,-71.089645,49.1,327854.58649149386,4689370.024382031,19,T
1666454695.911231,0,57896,0,GPS1_FRAME,42.33755166666667,-71.089645,49.1,327854.58649149386,4689370.024382031,19,T
1666454696.910959,0,57897,0,GPS1_FRAME,42.33755166666667,-71.089645,49.1,327854.58649149386,4689370.024382031,19,T
1666454697.9216506,0,57898,0,GPS1_FRAME,42.33755333333333,-71.089645,49.1,327854.5910394573,4689370.209452679,19,T
1666454698.9108274,0,57899,0,GPS1_FRAME,42.33755333333333,-71.089645,49.1,327854.5910394573,4689370.209452679,19,T
1666454699.9116328,0,57900,0,GPS1_FRAME,42.33755333333333,-71.089645,49.1,327854.5910394573,4689370.209452679,19,T
